Taxon,XML file,Genus,Species,Strain,%g+c,cell shape,cell diameter,cell length,cell width,cell relationships&aggregations,gram stain type,external features,internal features,motility,pigment compounds,salinity preference,nacl minimum,nacl optimum,nacl maximum,ph minimum,ph optimum,ph maximum,temperature minimum,temperature optimum,temperature maximum,aerophilicity,magnesium requirement for growth,vitamins and cofactors required for growth,antibiotic sensitivity,antibiotic resistant,colony shape,colony margin,colony texture,colony color,fermentation products,other metabolic product,pathogenic,disease caused,pathogen target organ,haemolytic&haemadsorption properties,organic compounds used or hydrolyzed,organic compounds not used or not hydrolyzed,inorganic substances used,inorganic substances not used,fermentation substrates used,fermentation substrates not used
Muricauda lutaonensis,"A. B. Arun1, Wen-Ming Chen2, Wei-An Lai1, Jiu-Hsing Chao1, P. D. Rekha1, Fo-Ting Shen1, Satnam Singh1 and Chiu-Chung Young12009_genus_Muricauda_species_lutaonensis_strain_number_CC-HSB-11.xml",Muricauda,lutaonensis,CC-HSB-11,46.4±1|mol%,displaying appendages#non-spore-forming|rods,,8.0-15.0|µm,0.3-0.5|µm,,Gram staining negative,displaying appendages,vesicles#non-spore-forming rods#poly-β-hydroxybutyrate granules,gliding motility#devoid of||flagellar,not||Flexirubin-type pigments,requires NaCl#requires sea salts#requires seawater,2|%|NaCl,3-5|%,6|%|NaCl,6,8,9,25|˚C,37-45|˚C,55|˚C,strictly|aerobic,,,ticarcillin/clavulonic acid#ticarcillin#ampicillin/sulbactam#piperacillin#piperacillin/tazobactam#ceftazidime,amikacin#gentamicin#tobramycin#cotrimoxazole#colistin,circular,non-spreading edges,translucent#shiny,golden yellow#translucent,Acid,,,,,,Biolog GN II system: dextrin#cellobiose#D-fructose#gentiobiose#α-D-glucose#α-lactose#lactulose#maltose#D-mannose#melibiose#raffinose#sucrose#trehalose#turanose#pyruvic acid methyl ester#acetic acid#α-ketobutyric acid#succinic acid#L-glutamic acid#L-proline#L-threonine#inosine#α-D-glucose 1-phosphate,,,Nitrate,acetoin#hydrolysis#β-galactosidase activities#β-glucosidase#aesculin#assimilation,D-glucose#D-ribose#myo-inositol#D-sorbitol#D-galactose#L-arabinose#D-xylose#D-mannitol#L-rhamnose
Lutaonella,"A. B. Arun1, Wen-Ming Chen2, Wei-An Lai3, Jui-Hsing Chou3, Fo-Ting Shen3, P. D. Rekha1 and Chiu-Chung Young2009_genus_Lutaonella.xml",Lutaonella,,,39.7|mol%,non-spore-forming non-motile short|non-spore-forming and non-motile short rods,,,,,Gram staining negative,,poly-β-hydroxybutyrate acid granules#non-spore-forming and non-motile short rods,non-spore-forming non-motile short|non-spore-forming and non-motile short rods,,,,,,,,,,,,strictly|aerobic,,,,,,,,,,,,,,,,,,,,
Lutaonella thermophila,"A. B. Arun1, Wen-Ming Chen2, Wei-An Lai3, Jui-Hsing Chou3, Fo-Ting Shen3, P. D. Rekha1 and Chiu-Chung Young2009_genus_Lutaonella_species_thermophila_strain_number_CC-MHSW-2.xml",Lutaonella,thermophila,CC-MHSW-2,39.7|mol%,rods,,1.0-2.0|µm,0.4-0.5|µm,,,,,,not||Flexirubin-type pigments,requires NaCl#requires sea salts#requires seawater,2|%|NaCl,3-5|%,6|%|NaCl,6,8,9,25|˚C,40-45|˚C,55|˚C,,,,,,circular,regular edges,transparent#shiny,yellow#transparent,,Biolog GN2 system: glycogen,,,,,gelatin#casein#Aesculin#L-alaninamide#succinic acid#α-ketovaleric acid#α-ketoglutaric acid#α-ketobutyric acid#succinic acid monomethyl ester#pyruvic acid methyl ester#D-mannose#α-D-glucose#cellobiose#Biolog GN2 system: glycogen#L-alanine#L-alanyl glycine#L-glutamic acid#glycyl L-glutamic acid#hydroxy-L-proline#L-leucine#L-proline,Tween 40#starch#agar,,Nitrate,,D-glucose#D-sorbitol#inositol#D-mannitol#L-rhamnose#sucrose#melibiose#amygdalin#L-arabinose
Bacteroides forsythus,"A. C. R. TANNER,l_ M_ A. LISTGARTEN,_J. L. EBERSOLE,l AND M. N. STRZEMPKO1986_genus_Bacteroides_species_forsythus_strain_number_FDC 338.xml",Bacteroides,forsythus,FDC 338,90|mol%#46|mol%,pointed|ends#fusiform#spheres#central|swellings#Filaments,0.30-0.50#5#3|pm#7,1-30|pm,4|nm#1|nm#2|nm#10|nm,streptococcus,,no||flagella#Cell wall structure#adjacent arches#Electron-dense radial connections,central swellings,no||flagella#nonmotile,,,,,,,,,,,,strict|anaerobes,,hemin,,,,,liquid phase#clear positive reactions,speckled#pale pink#Trypticase soy blood agar plates#clear positive reactions,H2#succinate#acetate,,,,,hemin,Levinthal agar#agar plates#Esculin,,90% N2-10% C 0#90% N2-10% H2#sodium sulfite,100% N2#H2,inner layer#2-nm intervening electron-lucent layer#outer membrane#subunits#mycoplasma broth containing glucose#sodium acetate#sodium succinate#L-cysteine#hemin,
Petrimonas,"Agnès Grabowski1,2,     Brian J. Tindall3,     Véronique Bardin1,     Denis Blanchet1 and     Christian Jeanthon22005_genus_Petrimonas.xml",Petrimonas,,,,rods#straight#both straight-chain,,,,,Gram negative,,not||Spores,,,,,,,,,,,,,Strictly|anaerobic,,,,,,,,,,,,,,,,,,,phylum Bacteroidetes,
Petrimonas sulfuriphila,"Agnès Grabowski1,2,     Brian J. Tindall3,     Véronique Bardin1,     Denis Blanchet1 and     Christian Jeanthon22005_genus_Petrimonas_species_sulfuriphila_strain_number_BN3T.xml",Petrimonas,sulfuriphila,BN3T,40.8|mol%,pairs,,1.5-2|µm,0.7-1|µm,singly#pairs,,,,,,,0|%,0|%,4|%,,7.2,,15|˚C,37-40|˚C,40|˚C,,,,,,,,,,CO2#Acetate#hydrogen #hydrogen,,,,,,Yeast extract,,elemental sulfur#ammonium,,fructose#ribose#lactose#rhamnose#mannose#maltose#galactose#arabinose#Glucose#sucrose#lactate#mannitol#glycerol#cellobiose#glucose fermentation#Acetate#CO2,
Kordia ,AhyoungsChoi1sHyun-MyungsOh1sSeung-JosYang1sJang-CheonsCho2011_GENUS_Kordiasunspecified.xml,Kordia,,,34-37|mol%,,,,,,,,,,,requires NaCl,0.5|%|NaCl,,7.5|%|NaCl,,,,,,,facultatively|anaerobic#obligately|aerobic,,,,,,,,,,,,,,,,DNA,,,,
Muricauda,"Alke Bruns,1 Manfred Rohde2 and Luise Berthe-Corti2001_genus_Muricauda.xml",Muricauda,,,,rod-shaped|cells,,,,,Gram negative,,,,,requires seawater,,,,,,,,20-30|˚C,,Facultatively|aerobic#Facultatively|an-aerobic,,,,,,,,,Acid#acids,,,,,,,,,,Cytophaga-Flavobacterium-Bacteroides,
Muricauda ruestringensis,"Alke Bruns,1 Manfred Rohde2 and Luise Berthe-Corti2001_genus_Muricauda_species_ruestringensis_strain_number_B1.xml",Muricauda,ruestringensis,B1,41|mol%,rods#appendages#long,,,,,Gram negative,appendages,,non-motile,no||flexirubin-type pigment,requires NaCl#requires seawater#requires salt,,3|%,,,,,8|˚C,20-30|˚C,40|˚C,anaerobic|anaerobic#anaerobic|facultatively  organism,,,,,circular,,,yellow-pigmented,,,,,,,peptone,starch#agar#crystalline cellulose#high-molecular-mass carbohydrates#hydrolysing gelatin,,,,
Prevotella paludivivens,"Atsuko Ueki, Hiroshi Akasaka†, Atsuya Satoh‡, Daisuke Suzuki and Katsuji Ueki2007_genus_Prevotella_species_paludivivens_strain_number_KB7.xml",Prevotella,paludivivens,KB7,39.2|mol%,short|rods,,,,,Gram negative,,non-spore-forming,non-motile,,,0|%w/v,,1.0|%w/v,,5.7-6.7,,10|˚C,30|˚C,40|˚C,Strictly|anaerobic,,Haemin#not||bile salts,,,,,,,succinate#acetate,not||Hydrogen sulfide,,,,,Pyruvate#fumarate#Hydrolyses aesculin,trehalose#sorbose#melezitose#cellulose powder#filter paper#inulin#glycerol#inositol#mannitol#lactate#malate#succinate#gelatin#bile salts,,,acetate#glucose#galactose#fructose#xylose#ribose#arabinose#mannose#rhamnose#cellobiose#lactose#maltose#sucrose#CMC#soluble starch#xylan#pectin#salicin#succinate,
Xylanibacter,"Atsuko Ueki, Hiroshi Akasaka†, Daisuke Suzuki, Satoshi Hattori and Katsuji Ueki2006_genus_Xylanibacter.xml",Xylanibacter,,,,filamentous|rods#short,,,,filamentous,Gram negative,,non-spore-forming,non-motile,,,,,,,,,,30|˚C,,Strictly|anaerobic,,,,,,,,,succinate#propionate#acetate,,,,,,,,,,various sugars including xylan#produce acetate#propionate#succinate,
Bacteroides propionicifaciens,"Atsuko Ueki, Kunihiro Abe, Nobuo Kaku, Kazuya Watanabe and Katsuji Ueki2008_genus_Bacteroides_species_propionicifaciens_strain_number_SV434.xml",Bacteroides,propionicifaciens,SV434,46.2-47.5|mol%,non-spore-forming|rods#filamentous|rods,,1.3-2.1|µm,0.7-0.8|µm,,Gram negative,,non-spore-forming rods,non-motile,,,0|%w/v,1.0|%w/v|NaCl,4.0|%w/v,,7.9,,5|˚C,30|˚C,35|˚C,,,haemin,bile acids,,,,,,succinate#propionate#acetate,,,,,haemin,glycogen#maltose#cellobiose#mannose#glucose#galactose#fructose#arabinose#starch#dextrin#amygdalin#lactate#pyruvate#lactose#aesculin#fumarate#Hydrolyses aesculin,ethanol#sorbitol#mannitol#inositol#dulcitol#glycerol#salicin#inulin#pectin#xylan#filter paper#cellulose powder#CM-cellulose#raffinose#melezitose#trehalose#sucrose#melibiose#sorbose#rhamnose#xylose#ribose#malate#succinate#gelatin,,,substrates#acetate#propionate#cobalamin#haemin,
Bacteroides paurosaccharolyticus,"Atsuko Ueki, Kunihiro Abe, Yoshimi Ohtaki, Nobuo Kaku, Kazuya Watanabe and Katsuji Ueki2010_genus_Bacteroides_species_paurosaccharolyticus_strain_number_WK042.xml",Bacteroides,paurosaccharolyticus,WK042,41.0|mol%,non-spore-forming|rods,,1.3-5.0|µm,0.7-0.8|µm,,Gram staining negative,,non-spore-forming rods,non-motile,,not||requires NaCl#requires NaCl,0|%w/v|NaCl,,2|%w/v|NaCl,,7.7,,10|˚C,35|˚C,40|˚C,Strictly|anaerobic,,vitamin B12#cobalamin#Haemin#bile,bile,,,,,translucent,,glycogen,,,,Haemin,aesculin#mannose#glucose#xylose#arabinose#starch#glycogen#dextrin#Maltose#pectin#rhamnose#pyruvate,salicin#amygdalin#inulin#xylan#cellulose powder#CM-cellulose#raffinose#melezitose#trehalose#sucrose#melibiose#lactose#cellobiose#sorbose#galactose#fructose#ribose#glycerol#dulcitol#inositol#mannitol#sorbitol#ethanol#fumarate#lactate#malate#succinate#gelatin,nitrate reduction,,saccharides#acetate#cobalamin#haemin#propionate#succinate,
Meridianimaribacter,"Baojiang Wang†,     Fengqin Sun†,     Yaping Du,     Xiupian Liu,     Guangyu Li,Qiliang Lai, Jie Luo and Zongze Shao2011_genus_Meridianimaribacter.xml",Meridianimaribacter,,,,rod-shaped#branched-chain saturated unsaturated|branched-chain saturated and unsaturated compounds#straight-chain saturated,,,,,Gram staining negative,,non-spore-forming,motile,,,,,,,,,,,,strictly|aerobic,,,,,,,,Yellow colonies,,,,,,,,,,,,
Meridianimaribacter flavus,"Baojiang Wang†,     Fengqin Sun†,     Yaping Du,     Xiupian Liu,     Guangyu Li,Qiliang Lai, Jie Luo and Zongze Shao2011_genus_Meridianimaribacter_species_flavus_strain_number_NH57N.xml",Meridianimaribacter,flavus,NH57N,32.7|mol%,,0.3-0.55|µm,1.15-2.3|µm,,,,,,,,requires NaCl,0.5|%|NaCl,0.5-2.0|%,4.0|%|NaCl,6.5,7.8,8.5,9|˚C,30-37|˚C,37|˚C,,,,lincomycin#minocycline#norfloxacin#ofloxacin#tetracycline#carbenicillin#piperacillin#cephradine#penicillin#doxycycline#rifampicin#chloramphenicol#vancomycin#ciprofloxacin#cefoperazone#erythromycin#clindamycin#ceftriaxone#cephalexin#furazolidone#ampicillin#doxycycline hydrochloride#trimethoprim#penicillin G,kanamycin#metronidazole#cephazolin#polymyxin B#streptomycin#oxacillin#gentamicin#neomycin,convex#circular,entire margins,moist#glistening#smooth,,acetoin,not||H2S,,,,,Gelatin#Tween 40#Starch#GN2 microplates: α-cyclodextrin#dextrin#N-acetyl-d-galactosamine#cellobiose#gentiobiose#α-d-glucose#myo-inositol#d-mannose#trehalose#acetic acid#γ-hydroxybutyric acid#α-ketovaleric acid#propionic acid#l-proline#raffinose#: lactulose#sucrose#α-ketobutyric acid#dl-lactic acid,Tweens 20#casein#Agar,,Nitrate,,H2S#indole
Vitellibacter,"Bong-Soo Kim†, Ok-Sun Kim, Eun Young Moon and Jongsik Chun2009_genus_Vitellibacter.xml",Vitellibacter,,,41-49|mol%,aerobic|strictly  rods,,,,,Gram reaction negative,,,gliding motility,non-diffusible yellow-orange flexirubin pigments,requires Na+,,,,,,,,,,aerobic|aerobic#aerobic|strictly  rods,,,,,,,,,,,,,,,,,,,,
Vitellibacter aestuarii,"Bong-Soo Kim†, Ok-Sun Kim, Eun Young Moon and Jongsik Chun2009_genus_Vitellibacter_species_aestuarii_strain_number_JC2436.xml",Vitellibacter,aestuarii,JC2436,48.7|mol%,,,8|µm,,,,,,,,,2|%w/v|NaCl,2-3|%w/v,6|%w/v|NaCl,,,,10|˚C,30-35|˚C,41|˚C,,,,carbenicillin#benzylpenicillin,polymyxin B,convex#circular,regular edges,,yellowish orange,,,,,,,Tween 20#casein#gelatin#DNA,starch#chitin#CM-cellulose#Tweens 40,,,,
Winogradskyella lutea,"Byoung-Jun Yoon, Hoo-Dhon Byun, Ji-Young Kim, Dong-Heon Lee, Hyung-Yeel Kahng and Duck-Chul Oh2010_genus_Winogradskyella_species_lutea_strain_number_A73.xml",Winogradskyella,lutea,A73,36.0|mol%,circular/slightly|irregular,1.0-1.5|mm,2.0-3.5|µm,0.2-0.3|µm,,,devoid of||flagella,,devoid of||flagella#Gliding motility,yellow-or orange-pigmented#non-diffusible orange pigments,requires sodium ions,1|%w/v|NaCl,,3|%w/v|NaCl,6,7.0-8.0,11,10.0|˚C,30.0-35.0|˚C,37.0|˚C,,,,ampicillin#tetracycline#benzylpenicillin U#carbenicillin#chloramphenicol#oleandomycin,kanamycin#neomycin#polymyxin#streptomycin#gentamicin#polymyxin B,circular/slightly irregular#convex,,,yellow-or orange-pigmented#non-diffusible orange pigments,Acid,not||H2S,,,,,Tween 80#Aesculin#gelatin#starch#DNA#casein#CM-cellulose#D-Glucose,agar#urea#Tweens 20#capric acid#N-acetylglucosamine#maltose#malate#adipic acid#gluconate#d-mannitol#d-mannose#l-arabinose#trisodium citrate#phenylacetic acid,,Nitrate,d-glucose#citrate,l-arabinose#sucrose#d-sorbitol#l-rhamnose#melibiose#inositol#amygdalin
Prevotella nanceiensis,"C. Alauzet, F. Mory, J.-P. Carlier, H. Marchandin, E. Jumas-Bilak and A. Lozniewski2007_genus_Prevotella_species_nanceiensis_strain_number_LBN 293.xml",Prevotella,nanceiensis,LBN 293,39.4|mol%,short|rods#coccoid,,0.4-0.56,,,Gram negative,,non-spore-forming,nonmotile,,,,,,,,,,,,obligately|anaerobic,,bile,,,slightly convex#circular,entire,smooth,non-pigmented#white#blood culture,acids#acetic,,,,blood culture,,Aesculin,Gelatin#urea,,,lactose#saccharolytic and ferment glucose#maltose#mannose#raffinose#sucrose#cellobiose#acetic#3.09 Mb#four rrn operon copies#blood culture,arabinose#xylan#trehalose#sorbitol#salicin#rhamnose#melezitose#mannitol#glycerol#xylose
Bacteroides xylanisolvens,"Christophe Chassard1, Eve Delmas1, Paul A. Lawson2 and Annick Bernalier-Donadille2008_genus_Bacteroides_species_xylanisolvens_strain_number_XB1A.xml",Bacteroides,xylanisolvens,XB1A,42.8|mol%,long 0.2-0|1.8-2.5 μm long and 0.2-0.3#non-motile|rods,,1.8-2.5|µm,0.2-0.3|µm,,Gram negative,,No||heat-resistant endospores,,,,,,,6,6.8,7.2,25|˚C,38|˚C,42|˚C,Strictly|anaerobic,,,,,,,,,succinate#propionate#acetate#acid,,,,,,pectin#arabinoxylan#galacturonic acid#aesculin#Indole-negative#gelatin,cellulose#starch#Rumen fluid,,Nitrate,arabinoxylan#pectin#galacturonic acid#glucose#cellobiose#glycerol#arabinose#xylose#salicin#maltose#sucrose#lactose#mannitol#mannose#melezitose#raffinose#sorbitol#rhamnose#trehalose#galactose#ribose#ferment fructose#melibiose#similar sources#XB3A#Strains XB4A#XB2A2#XB41A#XO85C13,starch#cellulose
Muricauda,"Chung Y. Hwang1, Min H. Kim2, Gi D. Bae1, Gwang I. Zhang1, Young H. Kim2,3 and Byung C. Cho2009_genus_Muricauda.xml",Muricauda,,,41-51|mol%,,,,,,,,,,,,,,,,,,,,,,,,,,,,,,,,,,,,,,,,,
Muricauda olearia,"Chung Y. Hwang1, Min H. Kim2, Gi D. Bae1, Gwang I. Zhang1, Young H. Kim2,3 and Byung C. Cho2009_genus_Muricauda_species_olearia_strain_number_CL-SS4.xml",Muricauda,olearia,CL-SS4,50.7|mol%,non-motile non-spore-forming wide|non-motile and non-spore-forming rods approximately 0.3-0.4 μm wide and 1.6-4.4 μm,,1.6-4.4|µm,0.3-0.4|µm,,Gram staining negative,,non-motile and non-spore-forming rods approximately 0.3-0.4 μm wide and 1.6-4.4 μm,non-motile non-spore-forming wide|non-motile and non-spore-forming rods approximately 0.3-0.4 μm wide and 1.6-4.4 μm,not||Flexirubin-type pigments,,1|%w/v,2-3|%w/v,6|%w/v,5.2,6.8-7.7,9.4,15|˚C,25-30|˚C,40|˚C,strictly|aerobic,,,mitomycin#streptomycin#polymyxin B#penicillin G#mitomycin C 0.#kanamycin#gentamicin#cephalexin#ampicillin#vancomycin,nalidixic acid#tetracycline#erythromycin#chloramphenicol,convex#circular,,,yellow,Acid,H2S production,,,,,Tweens 20#tyrosine#Gelatin,casein#hypoxanthine#urea#xanthine,,,cellobiose#D-ribose#raffinose#D-mannose#lactose#D-glucose#D-fructose#sucrose#trehalose,L-arabinose#D-galactose#myo-inositol#D-mannitol#D-xylose
Bacteroides cellulosilyticus,"Céline Robert, Christophe Chassard, Paul A. Lawson and Annick Bernalier-Donadille2007_genus_Bacteroides_species_cellulosilyticus_strain_number_CRE21.xml",Bacteroides,cellulosilyticus,CRE21,41.1|mol%,non-motile|rods,,,0.9|µm,,Gram negative,,No||heat-resistant endospores,non-motile|rods,,,,,,6.5,6.8,7.2,30|˚C,37|˚C,39|˚C,Strictly|anaerobic,,,,,circular,entire margins,translucent,translucent#slightly brown#white,succinate#propionate#acetate#acids,,,,,,xylan#aesculin#cellobiose#arabinose#raffinose#lactose#salicin,sorbitol#inositol#mannitol#trehalose#fucose#Rumen fluid,,,glucose#lactulose#mannose#melibiose#ribose#galactose#xylose#maltose#fructose#sucrose#galacturonic acids#pectin#starch#cellulose#lactose#raffinose#arabinose#cellobiose#aesculin#xylan#salicin,
Zeaxanthinibacter,"Dalal Asker, Teruhiko Beppu and Kenji Ueda2007_genus_Zeaxanthinibacter.xml",Zeaxanthinibacter,,,46.5|mol%,non-spore-forming|rods,,,,,Gram negative,,non-spore-forming rods,motile,not||flexirubin-type pigments#Carotenoid pigments,,,,,,,,,,,Strictly|aerobic,,,,,,,,,,,,,,,,,,,,
Bacteroides salivosus,"Daria N. Love1, J. L. Johnson2,_, R. F. Jones1 and Anne Calverley1987_genus_Bacteroides_species_salivosus_strain_number_NCTC 11632.xml",Bacteroides,salivosus,NCTC 11632,42-44|mol%,coccoid|forms#rods#Occasional|filaments,,0.8-1.5|pm,0.3-0.6|pm,singly,Gram negative,,nonsporeforming,nonmotile,,,42|mol%,,44|mol%,6.5,,6.8,,,,obligately|anaerobic,,hemin#Vitamin K,penicillin#erythromycin#carbenicillin#amoxycillin,,circular,entire,opaque,brown-black#opaque#sheep blood agar plates#orange fluorescence,Acid#butyric acid#acetic acid#isovaleric acid,,,,,,propionate#threonine#liq-uefy gelatin,Nei-ther lactate nor pyruvate,,,cooked-meat car-bohydrate#butyric acid#acetic acid#iso-butyric acid#isovaleric acid,strains#lactose#inositol#gly-cogen#glucose#fructose#cellobiose#adonitol#maltose#mannitol#rhamnose#salicin#starch#sucrose#trehalose#xylose
Prolixibacter,"Dawn E. Holmes, Kelly P. Nevin, Trevor L. Woodard, Aaron D. Peacock and Derek R. Lovley2007_genus_Prolixibacter.xml",Prolixibacter,,,,curved|rods#filamentous#long,,,,single#filamentous,Gram negative,not||flagella#not||pili,spores,non-motile|cells,,,,,,,,,,,,,,,,,,,,,Acid,,,,,,,,,,sugars,
Prolixibacter bellariivorans,"Dawn E. Holmes, Kelly P. Nevin, Trevor L. Woodard, Aaron D. Peacock and Derek R. Lovley2007_genus_Prolixibacter_species_bellariivorans_strain_number_F2.xml",Prolixibacter,bellariivorans,F2,,,0.33|µm,10.5-12.5|µm,,,,,,,,,,,,,7,,4|˚C,22|˚C,42|˚C,atmospheric|oxygen#not|atmospheric|oxygen,,,,,,,,,,,,,,,,,atmospheric oxygen,thiosulfate#sulfate#nitrate#atmospheric oxygen#hydrogen,arbutin#maltose#lactose#galactose#aesculin#cellobiose#mannose#melezitose 2.#melibiose 2.#methyl d-glucoside#raffinose#salicin#starch#sucrose#trehalose#turanose 2.#xylose#yeast extract,0.1 mM acetate
Lutibacter,Dong H. Choi and Byung C. Cho2006_genus_Lutibacter.xml,Lutibacter,,,,rod-shaped,,,,,Gram negative,,,,no||flexirubin-type pigments#carotenoids,,,,,,,,,,,aerobic,,,,,,,,,,,,,,,,,,,,
Lutibacter litoralis,Dong H. Choi and Byung C. Cho2006_genus_Lutibacter_species_litoralis_strain_number_CL-TF09.xml,Lutibacter,litoralis,CL-TF09,33.9|mol%,Spherical|cells,,1.0-5.7|µm,0.3-0.8|µm,,,,,non-motile,absorption spectral peaks at 450 and 475 nm,,1|%w/v,,5|%w/v,7,,8,5|˚C,25-30|˚C,30|˚C,,,,,,convex#circular,entire,opaque,yellow#opaque,Acid,,,,,,L-arginine#myo-inositol#glycogen#glycine#D-sorbitol#D-salicin#D-raffinose#D-fructose#citrate#acetone#L-lysine#L-ornithine#pyruvic acid#succinate#peptone#L-leucine#Casamino acids#urea#tryptone#yeast extract#tartrate,Tween 80 hydrolysis activities,,,glucose#acid production#arginine dihydrolase#urease#indole production#gelatinase activities#aesculin hydrolysis#API 20NE tests,formic acid#ethanol#D-xylose#D-trehalose#D-ribose#D-mannose#D-mannitol#D-glucose#D-galactose#D-cellobiose#DL-cysteine#benzoate#α-ketobutyric acid#acetate#glycerol#inulin#2-propanol#lactose#L-arabinose#L-ascorbate#L-asparagine#L-rhamnose#maleic acid#N-acetylglucosamine#polyethylene glycol#salicylate#sucrose#thiamine#DL-aspartate#L-proline#L-glutamate
Formosa,"Elena P. Ivanova1,2,     Yulia V. Alexeeva1,     Sébastien Flavier3,     Jonathan P. Wright1,     Natalia V. Zhukova4,     Natalia M. Gorshkova2,     Valery V. Mikhailov2,     Dan V. N.xml",Formosa,,,,pointed|ends#irregular|slightly  sides#Rod-shaped|cells#not||resting stages,,0.8-1.8|µm,0.4-0.9|µm,,Gram negative,,not||endospores#not||poly-β-hydroxybutyrate,,,,,,,,,,,,,aerobic#anaerobic|anaerobic#anaerobic|respiration#Anaerobic|growth,,,,,,,,,,,,,,,,,,,,
Winogradskyella,"Elena P. Ivanova1,2, Richard Christen3, Nataliya M. Gorshkova2, Natalia V. Zhukova4, Valeriya V. Kurilenko2, Russell J. Crawford1 and Valery V. Mikhailov2009_genus_Winogradskyella.xml",Winogradskyella,,,,,,,,,,,,,,not||requires NaCl,,,,,,,,,,,,,,,,,,,,,,,,,,,,,,
Capsularis zoogleiformans,"ELIZABETH P. CATO, R. W. KELLEY, W. E. C. MOORE, AND LILLIAN V. HOLDEMAN1982_genus_Capsularis_species_zoogleiformans_strain_number_ATCC 33285.xml",Capsularis,zoogleiformans,ATCC 33285,47|mol%,nonsporeforming|rods#pairs,,0.8-8.0,0.4-0.8,singly#pairs,Gram negative,,nonsporeforming rods#solid acid curd,not||nonmotile,,,,,,,,,,,,strictly|anaerobic,,no||20% bile#no||serum#no||rabbit serum,concentrations,,pulvinate#circular,entire,A viscous#butyrous#smooth#shiny#opaque,buff colored#opaque#48-h-old blood agar plates#milk,Acid#acids#acetic acid#isovaleric acid#gas,H2S#ammonia,,,milk,nonhemolytic,esculin#starch,,gas mixture containing 90% nitrogen,hydrogen#Nitrate,dependent#strain ATCC 33285#weakly#maltose#glucose#original description#fructose#sucrose#lactose#arabinose#cellobiose#dextrin#glycogen#inulin#mannose#pectin#raEinose#salicin#starch#xylose,10% C02#mannitol#erythritol#dulcitol#amygdalin#Adonitol#esculin#glycerol#inositol#melezitose#rhamnose#ribose#sorbitol#sorbose#trehalose#larch arabinogalactan#xylan#either lactate#threonine
Alistipes indistinct,Fumiko2010_GENUS_Alistipes_SPECIES_indistinctsunspecified.xml,Alistipes,indistinct,,55.2|mol%,rod-shaped#coccoid,,1.0-3.8|µm,0.5-0.7|µm,,Gram negative,,non-spore-forming,,,,,,,,,,,,,strictly|anaerobic#anaerobic|anaerobic#anaerobic|incubation,,Not||20% bile,,,circular,,slightly opaque,grey#slightly opaque,acetic#Acid,,,,,,,gelatin#Aesculin,,,PYG broth#glucose fermentation#cellobiose#lactose#glucose#maltose#d-mannose#melezitose#raffinose#l-rhamnose#salicin#sucrose#trehalose#d-xylose#l-arabinose#d-mannitol#glycerol#d-sorbitol,
Odoribacter laneus,FumikosNagai12sMasamisMorotomi12sYoheisWatanabe1sHiroshisSakon1sRyuichirosTanaka12010_GENUS_Odoribactersunspecified_SPECIES_laneussunspecified.xml,Odoribacter,laneus,,42.4|mol%,pleomorphic|rods,,1.4-19.1|µm,0.4-1.9|µm,,Gram negative,resulting fluffy precipitate#soft,cellular characteristics,non-motile,,,,,,,,,,,,obligately|anaerobic,,,,,circular,,liquid medium#soft#slightly opaque,slightly opaque#grey-beige#pigmentation#clear haemolytic zone#sheep blood agar,acetic#succinic,,,,,clear haemolytic zone,,,,,PY#HPLC#PYG broth,
Prevotella bryantii,"GORAZD AVGUSTIN,- R. JOHN WALL ACE,^ AND HARRY J. FLINT1997_genus_Prevotella_species_bryantii_strain_number_DSM 11371.xml",Prevotella,bryantii,DSM 11371,39-43|mol%,,,,,,,,,,,,,,,,,,,,,,,,,,,,,,,,,,,,,,,,abundant extracellular DNase#arbutin#salicin#ferment xylose#rhamnose#inulin,
Prevotella ruminicola,"GORAZD AVGUSTIN,- R. JOHN WALL ACE,^ AND HARRY J. FLINT1997_genus_Prevotella_species_ruminicola_strain_number_ATCC 19189.xml",Prevotella,ruminicola,ATCC 19189,45-52|mol%,,,,,,,,,,,,45-52|mol%,,,,,,,,,,,,,,,,,,,,,,,,,,,,melibiose#sucrose#Dmannose#D-raffinose#salicin#Most strains ferment arbutin,
Prevotella albensis,"GORAZD AVGUSTIN,~ R. JOHN WALL ACE,^ AND HARRY J. FLINT1997_genus_Prevotella_species_albensis_strain_number_M384.xml",Prevotella,albensis,M384,39-43|mol%,,,,,,,,,,,,39|mol%,,43|mol%,,,,,,,,,,,,,,,,,,,,,,,,,,N-acetylglucosamine#D-mannose#sucrose#ferment melibiose#D-raffinose#inulin,
Prevotella brevis,"GORAZD AVGUSTIN,~ R. JOHN WALL ACE,^ AND HARRY J. FLINT1997_genus_Prevotella_species_brevis_strain_number_GA33.xml",Prevotella,brevis,GA33,45-52|mol%,oval|cell morphology,,,,,,,,,,,45|mol%,,52|mol%,,,,,,,,,,,,,,,,,,,,,,,,,,xylose#salicin#arbutin#rhamnose,abundant extracellular DNase activity
Mitsuokella jalaludinii,GsQsLansYsWsHosNsAbdullah2002_GENUS_Mitsuokellasunspecified_SPECIES_jalaludiniisunspecified.xml,Mitsuokella,jalaludinii,,56.8|mol%,stout|rods#irregular|groups#short|chains#pairs,,1.2-2.4|µm,0.6-0.8|µm,singly#chains#pairs,Gram negative,,non-spore-forming#Full 16S rRNA gene sequence similarity,non-motile,,,,,,3.8,,4,45|˚C,42|˚C,47|˚C,Strictly|anaerobic,,not||bile,,kanamycin#neomycin#penicillin#bacitracin#erythromycin,convex#roughly circular,regular edges,smooth surfaces,greyish-white#0.001% brilliant green#0.005% crystal violet,Acid#acetic acid#lactic acid,,,,,,,,,,lactic acid#glucose fermentation#succinic acid#Tween 80 hydrolysis#hydrogen sulfide production#urease production#catalase production#indole production#Gelatin liquefaction#arginine acid decarboxylase#growth#saccharose#melibiose#lactose#maltose#cellobiose#salicin#aesculin#arbutin#sorbitol#inositol#D-mannose#fructose#glucose#galactose#L-xylose#ribose#D-arabinose#Glycerol#trehalose#D-raffinose#amidon#D-turanose#D-arabitol#5-keto-gluconate,glucose#N-acetylglucosamine#methyl α-D-glucoside#methyl α-D-mannoside#mannitol#dulcitol#rhamnose#L-sorbose#methyl β-xyloside#adonitol#L-xylose#D-arabinose#Erythritol#amygdalin#inulin#melezitose#glycogen#xylitol#β-gentiobiose#D-lyxose#D-tagatose#D-fucose#L-fucose#L-arabitol#gluconate#2-ketogluconate
Maribacter antarcticus,"Gwang Il Zhang, Chung Yeon Hwang, Sung-Ho Kang and Byung Cheol Cho2009_genus_Maribacter_species_antarcticus_strain_number_CL-AP4.xml",Maribacter,antarcticus,CL-AP4,37.1|mol%,rods,,1.5-3.0|µm,0.3-0.5|µm,,Gram negative,,not||poly-β-hydroxybutyrate granules,non-motile,,,2|%w/v,3-4|%w/v,6|%w/v,7,8,9,4|˚C,10|˚C,15|˚C,strictly|aerobic,,,,,convex#circular,,,dark orange,,,,,,,Tweens 40#Starch,gelatin,,Nitrate,API 20NE system#arginine dihydrolase#glucose fermentation#gelatinase#indole production#urease#aesculin hydrolysis#sucrose,API 50CH system#N-acetylglucosamine#d-glucose#d-galactose#d-fructose#citrate#l-Arabinose#lactose#mannitol#d-mannose#sorbose#sorbitol#salicin#ribose#rhamnose#raffinose#methyl β-d-xyloside#methyl α-d-glucoside#methyl α-d-mannoside#melibiose#melezitose#mannose#maltose#d-lyxose#2-and 5-ketogluconate#inulin#inositol#glycogen#glycerol#gluconate#gentiobiose#d-and l-fucose#fructose#aesculin#erythritol#dulcitol#cellobiose#arbutin#d-and l-arabitol#d-and l-arabinose#amygdalin#adonitol#starch#sucrose#d-tagatose#trehalose#turanose#xylitol#d-and l-xylose#acid
Aquimarina addita,Hana Yi and Jongsik Chun2011_genus_Aquimarina_species_addita_strain_number_JC2680.xml,Aquimarina,addita,JC2680,35|mol%,non-motile|rods,,1.4-2.2|µm,0.3-0.5|µm,,Gram reaction negative,,not||Spores,non-motile|rods#No||gliding motility,absent||Flexirubin-type pigments,requires sea salts,,,,6,6,8,4|˚C,25|˚C,30|˚C,strictly|aerobic#not|anaerobic|anaerobic#not||microaerophilic#not|anaerobic|conditions,,,,,circular#convex,entire margins,adherent#glistening#translucent#clear zone,translucent#orange#clear zone,Acid,glycogen,,,,,Tweens 20#starch#gelatin#aesculin,yeast extract#citrate#elastin#chitin#crystalline cellulose#casein#alginic acids#adenine#agar#pectin#hypoxanthine#l-tyrosine#xanthine,,,glycerol#acid#d-glucose#d-galactose#methyl β-d-xylopyranoside#d-xylose#d-ribose#l-arabinose#d-arabinose#d-fructose#d-mannose#l-rhamnose#d-mannitol#methyl α-d-mannopyranoside#methyl α-d-glucopyranoside#amygdalin#arbutin#aesculin ferric citrate#salicin#cellobiose#maltose#lactose#melibiose#sucrose#trehalose#inulin#melezitose#raffinose#starch#glycogen#gentiobiose#turanose,glucose#potassium 2-ketogluconate#erythritol#d-fucose#d-tagatose#d-lyxose#xylitol#N-acetylglucosamine#d-sorbitol#inositol#dulcitol#l-sorbose#d-adonitol#l-xylose#l-fucose#d-arabitol#l-arabitol#potassium gluconate#potassium 5-ketogluconate
Sejongia,"Hana Yi, Ho Il Yoon and Jongsik Chun2005_genus_Sejongia.xml",Sejongia,,,34-36|mol%,rounded|ends#rod-shaped,,,,,Gram negative,,not||Spores,non-motile,absent||Flexirubin-type pigment#maximum absorption peak at 452 nm,,0|%|NaCl,0|%,3|%|NaCl,6,7/8/2016,11,,,,aerobic#aerobic|aerobic#anaerobic#microaerobic#aerobic|growth#anaerobic|anaerobic#Microaerobic|microaerobic#anaerobic|growth#Microaerobic|growth,,,,,circular#convex,entire margins,becoming mucoid#butyrous#glistening#translucent,yellow#translucent,,,,,,,,,4-10% CO2#5-12% CO2#5-15% O2,,,
Sejongia antarctica,"Hana Yi, Ho Il Yoon and Jongsik Chun2005_genus_Sejongia_species_antarctica_strain_number_AT1013.xml",Sejongia,antarctica,AT1013,34|mol%,,,1.0-3.1|µm,0.4-0.5|µm,,,,,,,,,,,,,,4|˚C,18.9|˚C,28|˚C,,,,,,,,,,Acid,glycogen,,,,,gelatin#casein#l-tyrosine,elastin#chitin#CM-cellulose#alginate#agar#pectin,,,notional optimum#d-glucose#acid#d-maltose#starch#glycogen,d-raffinose#acid#d-salicin#glycerol#d-lactose#d-cellobiose#salicin#aesculin ferric citrate#arbutin#amygdalin#N-acetylglucosamine#methyl α-d-glucopyranoside#methyl α-d-mannopyranoside#d-sorbitol#d-mannitol#inositol#dulcitol#l-rhamnose#l-sorbose#d-mannose#d-fructose#d-galactose#methyl β-d-xylopyranoside#d-adonitol#l-xylose#d-xylose#d-ribose#l-arabinose#d-arabinose#erythritol#d-melibiose#d-sucrose#d-trehalose#inulin#d-melezitose#xylitol#gentiobiose#d-turanose#d-lyxose#d-tagatose#d-fucose#l-fucose#d-arabitol#l-arabitol#potassium gluconate#potassium 2-ketogluconate#potassium 5-ketogluconate
Sejongia jeonii,"Hana Yi, Ho Il Yoon and Jongsik Chun2005_genus_Sejongia_species_jeonii_strain_number_AT1047.xml",Sejongia,jeonii,AT1047,36|mol%,,,1.0-3.1|µm,0.4-0.5|µm,,,,,,,,,,,,,,4|˚C,21.5|˚C,31|˚C,,,,,,,,,,Acid,glycogen,,,,,gelatin#casein,CM-cellulose#alginate#agar#chitin#l-tyrosine#pectin,,,notional optimum#d-glucose#acid#glycogen#starch#d-maltose#d-mannose,d-raffinose#acid#d-salicin#glycerol#d-adonitol#l-xylose#d-xylose#d-ribose#l-arabinose#d-arabinose#erythritol#methyl β-d-xylopyranoside#d-galactose#d-fructose#l-sorbose#l-rhamnose#dulcitol#inositol#d-mannitol#d-sorbitol#methyl α-d-mannopyranoside#methyl α-d-glucopyranoside#N-acetylglucosamine#amygdalin#arbutin#aesculin ferric citrate#salicin#d-cellobiose#d-lactose#d-melibiose#d-sucrose#d-trehalose#inulin#d-melezitose#xylitol#gentiobiose#d-turanose#d-lyxose#d-tagatose#d-fucose#l-fucose#d-arabitol#l-arabitol#potassium gluconate#potassium 2-ketogluconate#potassium 5-ketogluconate
Snuella,Hana Yi1 and Jongsik Chun2010_genus_Snuella.xml,Snuella,,,,rounded|ends#rod-shaped,,,,,Gram reaction negative,,not||Spores,gliding ability,absent||flexirubin-type pigments#non-diffusible carotenoid pigments#maximum absorption peak at 452 nm,requires sea salts,,,,,,,,,,aerobic,,,,,,,,,,,,,,,,yeast extract,,,,
Snuella lapsa,Hana Yi1 and Jongsik Chun2010_genus_Snuella_species_lapsa_strain_number_JC2132.xml,Snuella,lapsa,JC2132,35|mol%,rounded|ends#rod-shaped,,1.5-2.7|µm,0.6-0.7|µm,,,,,,,requires NaCl#requires sea salts,1|%,3-4|%,7|%,6,7,9,10|˚C,30|˚C,40|˚C,not|anaerobic|anaerobic#aerobic microaerobic|aerobic#not|anaerobic|conditions#aerobic microaerobic|aerobic and microaerobic conditions,,,,,circular#convex,entire margins,glistening#translucent,,Acid,,,,,,agar plates#L-tyrosine#Tweens 20#starch#aesculin#valine arylamidase#leucine arylamidase,citrate#gelatin#elastin#egg yolk#chitin#cellulose#casein#alginic acid#adenine#agar#pectin#hypoxanthine#xanthine,nitrogen,,D-arabinose#acid#methyl α-D-glucopyranoside#methyl α-D-mannopyranoside#D-mannose#D-fructose#D-glucose#D-galactose#D-xylose#N-acetylglucosamine#amygdalin#arbutin#aesculin ferric citrate#salicin#cellobiose#maltose#lactose#melibiose#sucrose#trehalose#raffinose#starch#gentiobiose#methyl β-D-xylopyranoside#turanose#glycogen,glucose#potassium gluconate#glycerol#xylitol#melezitose#inulin#D-sorbitol#D-mannitol#inositol#dulcitol#L-rhamnose#L-sorbose#D-adonitol#L-xylose#D-ribose#L-arabinose#erythritol#D-lyxose#D-tagatose#D-fucose#L-fucose#D-arabitol#L-arabitol#potassium 2-ketogluconate#potassium 5-ketogluconate
Robiginitalea,"Hao Do Manh†, Yoshihide Matsuo, Atsuko Katsuta, Satoru Matsuda, Yoshikazu Shizuri and Hiroaki Kasai2008_genus_Robiginitalea.xml",Robiginitalea,,,50-56|mol%,,,,,,,,,,,,,,,,,,,,,,,,,,,,,,,,,,,,,,,,,
Robiginitalea myxolifaciens,"Hao Do Manh†, Yoshihide Matsuo, Atsuko Katsuta, Satoru Matsuda, Yoshikazu Shizuri and Hiroaki Kasai2008_genus_Robiginitalea_species_myxolifaciens_strain_number_YM6-073.xml",Robiginitalea,myxolifaciens,YM6-073,50.1|mol%,coccoid#long#straight|rods,0.48-1.30|µm,0.9-3.5|µm,0.3-0.65|µm,,Gram negative,,,gliding motility#devoid of||flagellar,not||flexirubin pigments#Carotenoid pigments,requires NaCl#not||requires NaCl,,3-4|%w/v|NaCl,,6.5,7.6-8.5,9.5,15.0|˚C,30.0|˚C,42.0|˚C,aerobic#Obligatory aerobic,,,,,convex and deep orange#rhizoid,,,convex and deep orange,,not pigments,,,,,sorbose#cellobiose#lactose#mannose#trehalose#sorbitol#raffinose#fructose#sucrose#maltose#galactose#Glucose#melibiose#ornithine monohydrochloride#glycerol#Starch#aesculin,sodium lactate#sodium citrate#glutamate#glycine#leucine#isoleucine#serine#lysine#ethanol#rhamnose#sodium succinate#sodium pyruvate#sodium gluconate#itaconic acid#alginate#casein#agar#chitin#urea#crystalline cellulose#carboxymethylcellulose#gelatin#DNA,,Nitrate,,
Bacteroides coprophilus,"Hidenori Hayashi1,†, Kensaku Shibata1,2, Mohammad Abdul Bakir1, Mitsuo Sakamoto1, Shinichi Tomita2 and Yoshimi Benno12007_genus_Bacteroides_species_coprophilus_strain_number_CB42.xml",Bacteroides,coprophilus,CB42,44.7|mol%,rods,,,,,Gram negative,,non-spore-forming,,,,,,,,,,,,,anaerobic,,bile,,,convex#circular,,translucent,translucent#dark grey,Acid#acetic#isovaleric acid,,,,,,,Aesculin,,Nitrate,D-glucose#sucrose#D-raffinose#D-mannose#maltose#lactose#succinic and acetic acids#propionic acid#isovaleric acid#pyruvic acid,
Prevotella copri,HidenorisHayashi13sKensakusShibata12sMitsuosSakamoto1sShinichisTomita2sYoshimisBenno12007_GENUS_Prevotellasunspecified_SPECIES_coprisunspecified.xml,Prevotella,copri,,44.2-45.9|mol%,rods,,,,,Gram negative,,,,,,,,,,,,,37|˚C,,,,,,,convex#circular,,,white,Acid#acetic,,,,,,Bacteroides bile aesculin agar#Indole-negative#aesculin#gelatin,glycine aminopeptidases#phenylalanine#histidine#arginine#tyrosine#proline#leucine#indole,,,Gr#glucose#maltose#sucrose#lactose#raffinose#salicin#xylose#l-arabinose#cellobiose#l-rhamnose#succinic and acetic acids,
Prevotella stercorea,HidenorisHayashi13sKensakusShibata12sMitsuosSakamoto1sShinichisTomita2sYoshimisBenno12007_GENUS_Prevotellasunspecified_SPECIES_stercoreasunspecified.xml,Prevotella,stercorea,,48.2|mol%,rods,,,,,Gram negative,,,,,,,,,,,,,37|˚C,,,,,,,slightly convex#circular,entire,smooth#translucent,translucent,Acid#acetic,,,,,,Bacteroides bile aesculin agar,gelatin#aesculin#indole#glycine aminopeptidases#phenylalanine#histidine#tyrosine#proline#leucine#arginine,100% CO 2 gas,,glucose#sucrose#lactose#maltose#mannose#raffinose#succinic and acetic acids,
Mesonia,Hye Soon Kang and Soon Dong Lee2009_genus_Mesonia.xml,Mesonia,,,30.0-36.1|mol%,methyl-branched hydroxy fatty|methyl-branched and hydroxy fatty acids,,,,,,,,,,,,,,,,,,,,,,,,,,,,,,,,,,,,,,,,
Mesonia phycicola,Hye Soon Kang and Soon Dong Lee2009_genus_Mesonia_species_phycicola_strain_number_MDSW-25.xml,Mesonia,phycicola,MDSW-25,30.0|mol%,aerobic|rods,0.6-1.6|µm,2.1-2.5|µm,,,Gram reaction negative,,,gliding motility#devoid of||flagellar,not||Flexirubin pigments,requires NaCl,1|%w/v|NaCl,,12|%w/v|NaCl,6.1,7.1,9.1,10|˚C,25-30|˚C,30|˚C,aerobic|aerobic#aerobic|rods,,,,,convex#circular,entire edges,,yellow,,not||H2S,,,,,gelatin#Aesculin#DNA,Tween 80#Tween 40#starch#chitin#CM-cellulose#agar#caprate#gluconate#maltose#N-acetyl-d-glucosamine#d-mannitol#d-mannose#d-arabinose#D-Glucose#adipate#malate#citrate#phenylacetate,,,glucose fermentation#indole production#arginine dihydrolase#urease#β-galactosidase activities,d-glucose#maltose
Marinifilum,"Hyunsoo Na, Seil Kim, Eun Young Moon and Jongsik Chun2009_genus_Marinifilum.xml",Marinifilum,,,45|mol%,filamentous#saturated iso-branched fatty|acids#tidal flat|sediment,,,,,Gram negative,,,,,moderately halophilic,,,,,,,,,,Facultatively|anaerobic,,,,,tidal flat sediment,,,,propionate#acetate,,,,,,,,,,glucose#major fermentation products#Acetate#propionate#tidal flat sediment,
Marinifilum fragile,"Hyunsoo Na, Seil Kim, Eun Young Moon and Jongsik Chun2009_genus_Marinifilum_species_fragile_strain_number_JC2469.xml",Marinifilum,fragile,JC2469,,spherical#initially|filamentous#long flagella-like|0.3-3.8 μm  structure#Filaments,,0.3-3.8|µm,0.5|µm,,,,,,,requires sea salts,1|%w/v|sea salt#0|%w/v|NaCl,3|%w/v,7|%w/v|sea salt#9|%w/v|NaCl,6,7,8,20|˚C,33|˚C,37.4|˚C,,,,,,circular,erose edges,,brownish ivory#ivory,,not||H2S,,,,,lactose#maltose#N-acetylglucosamine#glucose#galactose#glycerol#melibiose#starch,d-xylose#turanose#fructose#gentiobiose#glycogen#mannose#mannitol,Nitrate,,,
Kordia,"Jae Hak Sohn, Jung-Hyun Lee, Hana Yi, Jongsik Chun, Kyung Sook Bae, Tae-Young Ahn and Sang-Jin Kim2004_genus_Kordia.xml",Kordia,,,34|mol%,non-motile non-gliding|non-motile and non-gliding rods#saturated iso-branched 3-hydroxy iso-branched fatty|saturated iso-branched and 3-hydroxy iso-branched fatty acids,,,,,Gram negative,,,non-motile non-gliding|non-motile and non-gliding rods,Carotenoid-type pigments#absent||Flexirubin-type pigments,requires Ca2+#requires ions Na+#requires NaCl,1|%w/v|NaCl,3|%w/v|NaCl,5|%w/v|NaCl,,,,,,,strictly|aerobic,requires Mg2+,,,,,,,,,Oxidase,,,,,Several carbohydrates#starch#milk#Gelatin,,,,,
Kordia algicida,"Jae Hak Sohn, Jung-Hyun Lee, Hana Yi, Jongsik Chun, Kyung Sook Bae, Tae-Young Ahn and Sang-Jin Kim2004_genus_Kordia_species_algicida_strain_number_OT-1.xml",Kordia,algicida,OT-1,,absent||Resting stages,,2-5|µm,0.3-0.5|µm,,,,,,,requires Ca2+#requires Na+#requires sea salts,,3|%|NaCl,,,7/8/2016,,,30|˚C,,,requires Mg2+,,,,round#slightly convex,margin#entire,,yellowish,acid#lactic acid#D glucose,not||H2S#not||putrescine#glycogen,,,,,milk#starch#gelatin,NO3#NH4#urea#chitin#agar#CM-cellulose#cellulose#alginate#pectin#inulin,Nitrate,,,glucose
Myroides pelagicus,Jaewoo2006_GENUS_Myroides_SPECIES_pelagicussunspecified.xml,Myroides,pelagicus,,33.6|mol%,short single|short and single rods#straight,,0.5-1|µm,0.2-0.3|µm,,Gram negative,flagella,,flagella#Neither|cellular|gliding movement nor swarming growth,,not||requires NaCl,,,9.0|%w/v|NaCl,5,,9,10|˚C,,37|˚C,aerobic,,,,,convex#circular,,,yellow-to-orange,hydrogen#acid#lactic acid#acetic acid#succinate#pyruvate,hydrogen sulfide#not||putrescine#Glycogen,,,,,,,nitrite#nitrate#hydrogen sulfide,,hydrogen sulfide#production#urease#ornithine decarboxylase#lysine decarboxylase#arginine dihydrolase#ONPG#indole#reduction#Voges-Proskauer test#Gelatin hydrolysis#citrate utilization results,
Robiginitalea ,Jang-CheonsCho1sStephensJ.sGiovannoni12004_GENUS_Robiginitaleasunspecified.xml,Robiginitalea,,,55-56|mol%,coccoid|cells#straight|rods,,,,,Gram negative,,,not||gliding motility#not||motility,not||flexirubin pigments#Carotenoid pigments,requires NaCl,,,,,,,,,,Obligately|aerobic,,,,,,,,rust#rust-coloured rod,,not pigments,,,,,aesculin#Starch,,,,only species#type,
Robiginitalea biformata,Jang-CheonsCho1sStephensJ.sGiovannoni12004_GENUS_Robiginitaleasunspecified_SPECIES_biformatasunspecified.xml,Robiginitalea,biformata,,56.4±0.2|mol%,long#straight|rods#coccoid,0.6-1.2|µm,1.6-5.6|µm,0.3-0.7|µm,,,,not||poly-β-hydroxybutyrate granules#not||Endospores,,maximum absorption spectral peak at 457 nm,Moderately halophilic,0.25|%w/v,,10|%w/v,6,,9,10|˚C,,44|˚C,,,,,,pulvinate#circular,,,opaque#rusty-orange-coloured,,,,,,,sugar acids#oligosaccharides#hexoses#including pentoses#sole carbon sources#amino acids,,,,following additional properties,
Leeuwenhoekiella blandensis,"Jarone Pinhassi, John P. Bowman, Olga I. Nedashkovskaya, Itziar Lekunberri, Laura Gomez-Consarnau and Carlos Pedrós-Alió2006_genus_Leeuwenhoekiella_species_blandensis_strain_number_ME.xml",Leeuwenhoekiella,blandensis,MED 217,42.5|mol%,,0.4-0.7|µm,1.5-4|µm,,,,,,,not||Flexirubin-type pigments,,0|%|NaCl,2-4|%|NaCl,17|%|NaCl,,,,10|˚C,28-30|˚C,41|˚C,,,,lincomycin#doxycycline#erythromycin#chloramphenicol#tetracycline#chloramphenicol #tetracycline #lincomycin #doxycycline #erythromycin,benzylpenicillin #gentamicin #neomycin #kanamycin #neomycin#kanamycin#gentamicin#benzylpenicillin#polymyxin B,round,,shiny surface,yellow-pigmented,Acid,H2S,,,,,Tweens 20#starch#gelatin#casein#sucrose#d-mannose#d-lactose#l-arabinose,chitin#cellulose#urea#DNA#agar#citrate#malonate#sorbitol#mannitol#inositol,,Nitrate,d-glucose#dl-xylose#glycerol,l-arabinose#d-cellobiose#l-fucose#d-galactose#d-lactose#d-maltose#d-melibiose#l-raffinose#l-rhamnose#l-sorbose#sucrose#N-acetylglucosamine#adonitol#dulcitol#inositol#mannitol
Salegentibacter,"Jiao-Yan Ying,     Zhi-Pei Liu1,     Bao-Jun Wang1,     Xin Dai1,     Su-Sheng Yang2 and     Shuang-Jiang Liu2007_genus_Salegentibacter.xml",Salegentibacter,,,36.8-44.4|mol%,pairs#rods#not|other|resting stages,,,,single#chains#pairs,Gram negative,,not||spores,motile#Non-motile,absent||Flexirubin-type pigments,requires NaCl,1|%|NaCl#0|%|NaCl,,8|%|NaCl#20|%|NaCl,,,,0|˚C,,42|˚C,a strictly|aerobic,,,,,,,,yellow-pigmented,,,,,,,,,,,,
Tenacibaculum aiptasiae,"Jih-Terng Wang1, Yi-Ju Chou2, Jui-Hsing Chou3, Chaolun Allen Chen4 and Wen-Ming Chen2008_genus_Tenacibaculum_species_aiptasiae_strain_number_a4.xml",Tenacibaculum,aiptasiae,a4,35.0|mol%,straight|rods#Degenerative spherical|cells,,2.0-7.0|µm,0.4-0.6|µm,,Gram negative,non-flagellated,non-spore-forming#Poly-β-hydroxybutyrate granules,motile#non-flagellated,"absent||Flexirubin-type pigments#Carotenoid pigments#main absorption peaks at 480, 454 and 425 nm",requires NaCl,1|%|NaCl,3-4|%|NaCl,10|%|NaCl,7,8,9,8|˚C,30-35|˚C,40|˚C,aerobic,,,ampicillin#tetracycline#chloramphenicol#nalidixic acid#novobiocin#penicillin G#rifampicin#tetracycline #rifampicin,gentamicin#kanamycin#streptomycin#gentamicin #streptomycin #kanamycin,convex#circular,spreading margins,,pale yellow,,,,,,,Tweens 40#gelatin#aesculin#casein#Starch#DNA,Tween 20#chitin,,,urease#glucose fermentation#malate#adipate#caprate#gluconate#maltose#N-acetylglucosamine#mannitol#mannose#arabinose#glucose#citrate#phenylacetate#β-galactosidase#arginine dihydrolase#indole production#assimilation#aesculin#gelatin hydrolysis,
Bizionia gelidisalsuginis,John P. Bowman and David S. Nichols2002_genus_Bizionia_species_gelidisalsuginis_strain_number_IC164.xml,Bizionia,gelidisalsuginis,IC164,39|mol%,rod-like|and 0.4-0.5×1.5-3.5 μm,,1.5-3.5|µm,0.4-0.5|µm,,,,,,not||Flexirubin pigments,requires Na+ ions#requires sodium,0.2|M|NaCl,1.0|M|NaCl,3.0|M|NaCl,,,,,,,,,,,,convex#circular,entire edge,butyrous consistency,golden-yellow,Acid,alkaline phosphatase #dihydrolase,,,,,yeast extract#peptone#l-alanine#sodium propionate#sodium acetate#l-histidine#l-tyrosine#casein#Hydrolyses gelatin,urea#aesculin#starch#Tween 80#elastin#DNA,,ammonium chloride#sodium nitrate#inorganic nitrogen,carbohydrates,
Bizionia myxarmorum,John P. Bowman and David S. Nichols2002_genus_Bizionia_species_myxarmorum_strain_number_ADA-4.xml,Bizionia,myxarmorum,ADA-4,43|mol%,rod-like,,1.5-3.5|µm,0.3-0.5|µm,,,,,,not||Flexirubin pigments,requires Na+ ions#requires sodium,0.2|M|NaCl,0.3-0.4|M|NaCl,2.0|M|NaCl,,,,,,,,,,,,convex#circular,entire edge,butyrous consistency,golden-yellow,Acid,alkaline phosphatase #lecithinase#dihydrolase,,,,,peptone#yeast extract#l-serine#l-proline#l-histidine#l-alanine#sodium valerate#sodium acetate#casein#Hydrolyses gelatin#Tween 80#l-tyrosine#DNA#urea,elastin#starch#aesculin,,ammonium chloride#sodium nitrate#inorganic nitrogen,carbohydrates,
Bizionia saleffrena,John P. Bowman and David S. Nichols2002_genus_Bizionia_species_saleffrena_strain_number_HFD.xml,Bizionia,saleffrena,HFD,40|mol%,rod-like,,1.5-5|µm,0.4-0.5|µm,,,,,,not||Flexirubin pigments,requires Na+ ions#requires sodium,0.2|M|NaCl,1.0|M|NaCl,3.0|M|NaCl,,,,,,,,,,,,convex#circular,entire edge,butyrous consistency,golden-yellow,Acid,lecithinase#alkaline phosphatase,,,,,yeast extract#peptone#l-tyrosine#Tween 80#casein#Hydrolyses gelatin#DNA,DNA#aesculin#starch,,ammonium chloride#sodium nitrate#inorganic nitrogen,carbohydrates,
Gelidibacter gilvus,John P. Bowman and David S. Nichols2002_genus_Gelidibacter_species_gilvus_strain_number_IC158.xml,Gelidibacter,gilvus,IC158,39|mol%,rod-shaped#Large coccoid|bodies,2-3|µm,2-8|µm,0.4-0.6|µm,,Gram negative,,,Motile,not||Flexirubin pigments,Halophilic#requires sodium,0.1|M|NaCl,0.3-0.4|M|NaCl,1.5|M|NaCl,,,,,,,,,,,,convex#circular,thin spreading margin,viscid consistency,yellow,,lecithinase,,,,,peptone#yeast extract#sucrose#maltose#dl-arabinose#N-acetyl-d-glucosamine#glycogen#d-glucose#sodium acetate#sodium propionate#l-proline#aesculin#Hydrolyses Tween 80,starch#l-tyrosine#elastin#casein#gelatin#DNA#urea,,ammonium chloride#sodium nitrate#inorganic nitrogen,carbohydrates#d-mannose#l-arabinose#d-glucose#d-galactose#d-fructose#d-rhamnose#d-xylose#d-mannitol#sucrose#N-acetyl-d-glucosamine#lactose#cellobiose#trehalose#maltose#d-melibiose#inositol#glycerol,melezitose#raffinose#dextran#adonitol#d-sorbitol
Gelidibacter salicanalis,John P. Bowman and David S. Nichols2002_genus_Gelidibacter_species_salicanalis_strain_number_IC162.xml,Gelidibacter,salicanalis,IC162,42|mol%,filamentous#rod-shaped#Small coccoid|bodies,1-1.5|µm,2-15|µm,0.4-0.6|µm,,Gram negative,,,Motile,not||Flexirubin pigments,Non-halophilic#not||requires sodium,0|M|NaCl,0.3-0.4|M|NaCl,2.5|M|NaCl,,,,,,,,,,,,convex#circular,entire edge,butyrous consistency,golden yellow,,dihydrolase,,,,,l-proline#maltose#N-acetyl-d-glucosamine#glycogen#d-glucose#l-serine#l-tyrosine#casein#Hydrolyses gelatin#aesculin#Urea,yeast extract#Tween 80#starch#DNA,ammonium chloride#sodium nitrate#inorganic nitrogen,,carbohydrates#d-glucose#l-arabinose#d-mannose#d-galactose#N-acetyl-d-glucosamine#maltose#lactose#cellobiose#sucrose#trehalose,
Gillisia hiemivivida,John P. Bowman and David S. Nichols2002_genus_Gillisia_species_hiemivivida_strain_number_IC154.xml,Gillisia,hiemivivida,IC154,34|mol%,rod-shaped,,1-7|µm,0.4-0.6|µm,,Gram negative,,,Non-motile,not||Flexirubin pigments,requires sea salts#not||requires Na+ ions#not||requires sodium,0.2|M|NaCl,0.3-0.5|M|NaCl,1.5|M|NaCl,,,,,,,,,,,,convex#circular,entire edge,butyrous consistency,light orange,,alkaline phosphatase #β-glucosidase #α-glucosidase,,,,,l-proline#l-alanine#sodium propionate#sucrose#maltose#d-mannose#dl-arabinose#N-acetylglucosamine#glycogen#d-glucose#urea#l-tyrosine#Tween 80#starch#Hydrolyses gelatin,yeast extract#aesculin#casein#DNA,ammonium chloride#sodium nitrate#inorganic nitrogen,,carbohydrates,
Gillisia illustrilutea,John P. Bowman and David S. Nichols2002_genus_Gillisia_species_illustrilutea_strain_number_IC157.xml,Gillisia,illustrilutea,IC157,32|mol%,rod-shaped,,1-10|µm,0.3-0.5|µm,,Gram negative,,,Non-motile,not||Flexirubin pigments,Non-halophilic#not||requires sodium,0|M|NaCl,0.2-0.3|M|NaCl,1.25|M|NaCl,,,,,,,,,,,,convex#circular,entire edge,butyrous consistency,bright yellow,,α-galactosidase#β-glucosidase #α-glucosidase,,,,,maltose#d-mannose#d-glucose#sucrose#sodium propionate#l-proline#Hydrolyses DNA,yeast extract#starch#aesculin#l-tyrosine#elastin#casein#Tween 80#urea,ammonium chloride#sodium nitrate#inorganic nitrogen,,carbohydrates,
Lacinutrix copepodicola,John P. Bowman and David S. Nichols2002_genus_Lacinutrix_species_copepodicola_strain_number_DJ3.xml,Lacinutrix,copepodicola,DJ3,37|mol%,,,,,,,,,,,requires Na+ ions#not||requires sodium,0.1|M|NaCl,0.3-0.4|M|NaCl,2.0|M|NaCl,,,,,,,,,not||vitamins,,,convex#circular,entire edge,butyrous consistency,golden-yellow,Acid,,,,,,sucrose#maltose#d-mannose#glycogen#including d-glucose#energy sources#various sole carbon#l-proline#l-tyrosine#Tween 80#Hydrolyses gelatin,vitamins#yeast extract#DNA#aesculin#starch#elastin#casein#urea,ammonium chloride#sodium nitrate#inorganic nitrogen,,carbohydrates,
Subsaxibacter,John P. Bowman and David S. Nichols2002_genus_Subsaxibacter.xml,Subsaxibacter,,,,coccobacilli,,0.4-1.0|µm,0.3-0.5|µm,,Gram negative,,not||spores#not||resting cells,Exhibit gliding motility,not||Flexirubin pigments,,,,,,,,,,,Strictly|aerobic,,,,,,,,orange,,,,,,,,,,,,
Subsaxibacter broadyi,John P. Bowman and David S. Nichols2002_genus_Subsaxibacter_species_broadyi_strain_number_P7.xml,Subsaxibacter,broadyi,P7,35|mol%,,,,,,,,,,,requires Na+ ions,0.1|M|NaCl,0.3-0.4|M|NaCl,1.25|M|NaCl,,,,,,,,,,,,convex#circular,entire edge#spreading margins,butyrous,,Acid,alkaline phosphatase,,,,,yeast extract#Peptone#Tween 80#Hydrolyses gelatin#l-tyrosine#aesculin,casein#elastin#starch#DNA#urea,,sole nitrogen sources#ammonium chloride#sodium nitrate,carbohydrates,
Subsaximicrobium,John P. Bowman and David S. Nichols2002_genus_Subsaximicrobium.xml,Subsaximicrobium,,,39-40|mol%,rod-shaped|cells#many spherical|cells,1-3|µm,1-6|µm,0.3-0.5|µm,,Gram negative,,not||spores#not||resting cells,Exhibit gliding motility,not||Flexirubin pigments,,,,,,,,,,,Strictly|aerobic,,,,,,,,orange#either yellow,,,,,,,,,,,,
Subsaximicrobium saxinquilinus,John P. Bowman and David S. Nichols2002_genus_Subsaximicrobium_species_saxinquilinus_strain_number_Y4-5.xml,Subsaximicrobium,saxinquilinus,Y4-5,39|mol%,,,,,,,,,,,requires Na+ ions#not||requires sodium,0.1|M|NaCl,0.3-0.4|M|NaCl,2.0|M|NaCl,,,,,,,,,not||vitamins,,,convex#circular,entire edge#spreading margins,butyrous consistency,orange colour,Acid,alkaline phosphatase #β-glucosidase #α-glucosidase #dihydrolase,,,,,d-mannose#glycogen#including d-glucose#energy sources#various sole carbon#maltose#l-proline#aesculin#starch#Tween 80#casein#Hydrolyses gelatin#DNA,yeast extract#l-tyrosine#elastin#urea,ammonium chloride#sodium nitrate#inorganic nitrogen,,carbohydrates,
Subsaximicrobium wynnwilliamsii,John P. Bowman and David S. Nichols2002_genus_Subsaximicrobium_species_wynnwilliamsii_strain_number_G#7.xml,Subsaximicrobium,wynnwilliamsii,G#7,40|mol%,,,,,,,,,,,requires Na+ ions#not||requires sodium,0.25|M|NaCl,0.3-0.4|M|NaCl,2.0|M|NaCl,,,,,,,,,not||vitamins,,,convex#circular,entire edge#spreading margins,butyrous consistency,golden-yellow colour#a bright-orange,Acid,alkaline phosphatase #α-glucosidase,,,,,energy sources#various sole carbon#including d-glucose#glycogen#maltose#sucrose#l-proline#l-tyrosine#Tween 80#Hydrolyses gelatin#aesculin#casein#starch,vitamins#yeast extract#DNA#urea,ammonium chloride#sodium nitrate#inorganic nitrogen,,carbohydrates,
Polaribacter ,JohnsJ.sGosinksCarlsR.sWoesesJamessT.sStaley1998_GENUS_Polaribactersunspecified.xml,Polaribacter,,,31-33|mol%,rod-shaped|Polaribacter  bacterium#rods#Coccoid|bodies#May form coils,0.25-1.6|µm,2-48|µm,,,Gram negative,,Gas vesicles,psychrotrophic Gram-negative nonmotile|rods#never||motility,not||flexirubins,,,,,,,,,,,aerobic,,,,,,,,,Acid,,,,,,Starch#Casamino acids#yeast extract,,,,Gr#polar region#number#acid,number
Polaribacter filamentus,JohnsJ.sGosinksCarlsR.sWoesesJamessT.sStaley1998_GENUS_Polaribactersunspecified_SPECIES_filamentussunspecified.xml,Polaribacter,filamentus,,1|mol%,filamentous|bacterium#filaments measuring 0.5-1.2 μm#Long|rods,,1.6-32|µm,0.5-1.2|µm,filamentous,,,gas vesicles,,,,,,,,,,4|˚C,,19|˚C,,,,,,filamentous bacterium,filamentous bacterium,filamentous bacterium,orange-to salmon,Acid,,,,,,L-glutamate#glycerol#gelatin,,,,L#DLarabinose#acid#glycerol#mannose#D-glucose#D-galactose#rhamnose,
Polaribacter franzmannii,JohnsJ.sGosinksCarlsR.sWoesesJamessT.sStaley1998_GENUS_Polaribactersunspecified_SPECIES_franzmanniisunspecified.xml,Polaribacter,franzmannii,,1|mol%,large|rods 0.8-1.6 μm,,4-16|µm,0.8-1.6|µm,,,,Gas vesicles,,,,,,,,,,4|˚C,,10|˚C,,,,,,,,,dark orange coloured cells#light,Acid,,,,,,N-acetyl-β-glucosamine#glycerol#gelatin#Aesculin#SWCm agar,,,,growth#maltose#lactose#mannose#D-glucose#D-galactose#D-fructose#sucrose#trehalose,
Polaribacter irgensii,JohnsJ.sGosinksCarlsR.sWoesesJamessT.sStaley1998_GENUS_Polaribactersunspecified_SPECIES_irgensiisunspecified.xml,Polaribacter,irgensii,,31|mol%,filaments 0.25-0.5 μm#thin|rods#long#Coccoid|bodies,,0.8-48|µm,0.25-0.5|µm,,,polar flagella,,never||motility#polar|flagella,,,,,,,,,.5|˚C,,12|˚C,,,,,,,,,orange coloured,gas#Acid,,,,,,DL-malate,,,,number#acid#carbohydrates including D-glactose#D-glucose#mannose#glycerol,number
Bacteroides caccae,JOHNsL.sJOHNSONsW.sE.sC.sMOOREsANDsLILLIANsV.sH.sMOORE1986_GENUS_Bacteroidessunspecified_SPECIES_caccaesunspecified.xml,Bacteroides,caccae,,40|mol%#40-42|mol%,pairs,,2.5-12|µm,1.4-1.6|µm,singly#pairs,,,,,,,40|mol%,,42|mol%,,,,30|˚C#25|˚C,,37|˚C#45|˚C,,,,,,convex#circular,entire,smooth#shiny#translucent#smooth sediment,translucent#gray#brain heart infusion blood agar plates,isovalerate#propionate#acetate#succinate#gas#hydrogen#pyruvate,,,,N.kakke feces#feces,,,Lactate#threonine,hydrogen,,peptone-yeast extract-glucose broth cultures#propionate#isovalerate#major amounts#succinate#acetate#phenotypically similar Bacteroides species,
Bacteroides merdae,JOHNsL.sJOHNSONsW.sE.sC.sMOOREsANDsLILLIANsV.sH.sMOORE1986_GENUS_Bacteroidessunspecified_SPECIES_merdaesunspecified.xml,Bacteroides,merdae,,44|mol%#43-46|mol%,short|chains#pairs,,3.1-12|µm,1.6|µm,singly#chains#pairs,,,,,,,,,,,,,,37|˚C,,,,,,,convex#slightly irregular#circular,entire,smooth#shiny#smooth sediment,white#brain heart infusion blood agar plates,isovalerate#isobutyrate#propionate#acetate#succinate#pyruvate,,,,feces,,,gluconate#threonine#Lactate,,hydrogen,peptone-yeast extract-glucose broth cultures#trace amounts#major amounts#propionate#isobutyrate#isovalerate#acetate#succinate#phenotypically similar Bucteroides species,
Bacteroides stercoris,JOHNsL.sJOHNSONsW.sE.sC.sMOOREsANDsLILLIANsV.sH.sMOORE1986_GENUS_Bacteroidessunspecified_SPECIES_stercorissunspecified.xml,Bacteroides,stercoris,,46|mol%#43-47|mol%,pairs,,2.4-12.6|µm,1.6|µm,singly#pairs,,,Vacuolated cells,,,,,,,,,,,37|˚C,,,,,,,convex#circular,entire,β-hemolytic#smooth#shiny#translucent#transparent#stringy sediment,translucent#transparent#rabbit blood#brain heart infusion blood agar,isovalerate#isobutyrate#propionate#formate#acetate#succinate#pyruvate,,,,L.N. stercus feces#feces,,,nor gluconate#threonine#lactate,,hydrogen,peptone yeast extract-glucose broth#isovalerate#isobutyrate#formate#propionate#major amounts#acetate#succinate#phenotypically similar Bacteroides species,
Salinibacter ,JosefasAntnsAharonsOrensSusanasBenllochsFranciscosRodrguez-ValerasRudolfsAmannsRamnsRossell-Mora2002_GENUS_Salinibactersunspecified.xml,Salinibacter,,,66.5|mol%,curved|bacteria#Rod-shaped,,,,,Gram negative,,,,,Extremely halophilic,,,,,,,,,,aerobic,,,,,,,,,,,,,,,,,,,salt-works,
Salinibacter ruber,JosefasAntnsAharonsOrensSusanasBenllochsFranciscosRodrguez-ValerasRudolfsAmannsRamnsRossell-Mora2002_GENUS_Salinibactersunspecified_SPECIES_rubersunspecified.xml,Salinibacter,ruber,,66.5|mol%,curved|slightly  rods#straight,,2-6|µm,0.4|µm,,,,,motile,absorption maximum at 478 nm,Extremely halophilic,,150-300|g,,,6.5-8.0,,,37-47|˚C,,,,,penicillin G#ciprofloxacin#ampicillin#chloramphenicol#streptomycin#novobiocin#rifampicin#chloramphenicol #novobiocin #ampicillin #rifampicin #streptomycin #ciprofloxacin,streptomycin#kanamycin#bacitracin#tetracycline#colistin#anisomycin#aphidicolin,convex#circular,entire margin,,adj. ruber red#red,,,,,,,gelatin#Starch#Tween 20,Tween 80,,Nitrate,,sugars
Flaviramulus ,Jørn Einen and Lise Øvreås2006_genus_Flaviramulus.xml,Flaviramulus,,,,rods#pleomorphic,0.2-0.3|µm#0.15-1|µm,1-3|µm#1-30|µm,,,Gram negative,,,motile,yellow and orange carotenoids#not||Flexirubin-type pigments,,,,,,,,,,,obligately aerobic|aerobic#obligately aerobic|heterotrophs,,,,,,,,yellow and orange carotenoids,,,,,,,,,,,age,
Flaviramulus basaltis,Jørn Einen and Lise Øvreås2006_genus_Flaviramulus_species_basaltis_strain_H35.xml,Flaviramulus,basaltis,H35,31.4±0.6|mol%,,,,,,,,,,,requires seawater,,,,6.5,6.5-8.2,8.6,-2.0|˚C,17.5-22.8|˚C,34.0|˚C,,,thiamine,,,convex#circular,entire margin,shiny,dark yellow,acids,H2S,,,,,seawater#yeast extract#thiamine#amino acids#organic acids#Tweens 20#urea#starch#gelatin#aesculin#Hydrolyses L-tyrosine#DNA,agar#cellulose#chitin,,,34.0°C#optimum growth#several sugars#acids,
Elizabethkingia ,"Kwang Kyu Kim, Myung Kyum Kim, Ju Hyoung Lim, Hye Yoon Park and Sung-Taik Lee2005_genus_Elizabethkingia.xml",Elizabethkingia,,,35.0-38.2|mol%,non-spore-forming|rods,,1.0-2.5|µm,0.5|µm,,Gram negative,,non-spore-forming rods,non-motile,,,,,,,,,,,,,,,,,circular,entire edges,shiny#semi-translucent,semi-translucent#non-pigmented#white-yellow,Acid,not||H2S,,,,,gelatin#aesculin#Casein#N-benzoyl-DL-arginine-2-naphthylamide#2-naphthyl caprylate,starch#Malonate,,Nitrate,D-fructose#trehalose#D-mannitol#D-maltose#lactose#D-glucose,L-arabinose#salicin#sucrose#raffinose#D-cellobiose#D-xylose
Elizabethkingia meningoseptica,"Kwang Kyu Kim, Myung Kyum Kim, Ju Hyoung Lim, Hye Yoon Park and Sung-Taik Lee2005_genus_Elizabethkingia_species_meningoseptica_strain_ATCC 13253.xml",Elizabethkingia,meningoseptica,ATCC 13253,19.6±1.0|mol%#37.1|mol%#37.2±0.6|mol%,non-spore-forming|rods,,1.0-2.0|µm,0.5|µm,,Gram negative,,non-spore-forming rods,non-motile,,,,,,,,,,,,,,,,,,,,,Acid,,,not||septic meningitis#septicaemia#both meningitis,,,N-benzoyl-DL-arginine-2-naphthylamide#2-naphthyl caprylate,Urea#6-bromo-2-naphthyl-α-D-mannopyranoside#6-bromo-2-naphthyl-β-D-glucopyranoside#naphthol-AS-BI-β-D-glucuronide#2-naphthyl myristate#: 2-naphthyl butyrate,,,both meningitis#septicaemia#D-fructose#D-maltose#lactose#glycerol#D-glucose#ethanol#D-mannitol#trehalose,L-arabinose#D-cellobiose#raffinose#sucrose#salicin#D-xylose
Balneola ,"Laurent Urios, Helene Agogue, Francoise Lesongeur, Erko Stackebrandt, Philippe Lebaron2006_genus_Balneola.xml",Balneola,,,,,,,,,Gram negative,,,motile,,,,,,,8,,,30|˚C,,aerobic,,,,,,,,,,,,,,,,,,,phylum Bacteroidetes#family Crenotrichaceae,
Balneola vulgaris,"Laurent Urios, Helene Agogue, Francoise Lesongeur, Erko Stackebrandt, Philippe Lebaron2006_genus_Balneola_species_vulgaris.xml",Balneola,vulgaris,13IX/A01/164,42|mol%,,,,,,,,,,,,0|g,20|g,50|g,5.0||salinity,8.0#-1,10.0||salinity,10|˚C,30|˚C,40|˚C,,,,,,,,,Forms orange colonies,,,,,,,,,,,,
Dialister,LILLIAN V. H. MOORE_ AND W. E. C. MOORE1994_genus_Dialister.xml,Dialister,,,,bacilli,,,,,,,,nonmotile,,,,,,,,,,,,,,,,,,,,,,,,,,,,,,,,
Dialister pneumosintes,LILLIAN V. H. MOORE_ AND W. E. C. MOORE1994_genus_Dialister_species_pneumosintes_strain_number_ATCC 33048.xml,Dialister,pneumosintes,ATCC 33048,,nonsporing|bacilli,,,,,Gram negative,,nonsporing bacilli,,,,,,,,,,,,,,,,,,,,,,acetate#propionate#lactate#succinate,,,,,,,,,,,
Fluviicola,"Louise A. O'Sullivan1, Joachim Rinna2, Gavin Humphreys1, Andrew J. Weightman1 and John C. Fry2005_genus_Fluviicola.xml",Fluviicola,,,,rod-shaped rarer long|rod-shaped cells including rarer long filaments#branched-chain fatty|acids,,,,,Gram negative,,,rod-shaped rarer long|rod-shaped cells including rarer long filaments#Non-flagellated#Motile,flexirubins#pigmented yellow-orange,not||requires Na+ ions,,,,,,,,,,Strictly|aerobic,,,,,,,,pigmented yellow-orange,,,,,,,carbohydrates,,,,,
Fluviicola taffensis,"Louise A. O'Sullivan1, Joachim Rinna2, Gavin Humphreys1, Andrew J. Weightman1 and John C. Fry2005_genus_Fluviicola_species_taffensis_strain_number_RW262.xml",Fluviicola,taffensis,RW262,37.2|mol%,rarer longer|filaments,,1.5-5.7|µm#51|µm,0.4-0.5|µm,,,,,,,,,,,,,,4|˚C,20|˚C,25|˚C,,,,penicillin G#rifampicin#tetracycline#ampicillin,chloramphenicol #kanamycin #streptomycin #streptomycin#chloramphenicol#kanamycin,flat#circular,,shiny#transparent,creamy#yellow-orange#transparent,,,,,,,weak gelatin hydrolysis#DNA hydrolysis,agar#arginine#aesculin#starch#phenyl acetate#citrate#malate#adipate#caprate#gluconate#maltose#N-acetylglucosamine#mannitol#mannose#arabinose#glucose,nitrate and nitrite reduction,,optimum,glucose
Riernerella,"M. Vancanneyt, P. Vandamme, P. Segers,’ U. Torck, R. Coopman, K. Kersters and K.-H. Him1999_genus_Riernerella.xml",Riernerella,,,29-37|mol%,nonsporulating nonmotile wide|nonsporulating and nonmotile rods 0.2-0.5 μm wide and 1-2.5 μm#branched-chain fatty|acids 13 : 0 iso,,1-2.5|µm,0.2-0.5|µm,,Gram negative,,nonsporulating and nonmotile rods 0.2-0.5 μm wide and 1-2.5 μm,,,,,,,,,,,,,,,,,,,,smooth,beige pigmented#greyish-white,Acidification#D glucose,,,septicaemic disease#illness,,,D-gluconate#maltose#N-acetylglucosamine#D-mannitol#D-mannose#L-arabinose#API 20NE system D-glucose#caprate#adipate#L-malate#citrate#phenyl acetate#malonate,agar#litmus lactose agar,,,glucose,D-and L-arabitol#maltose#D-mannitol#phenol red#5-ketogluconate#galacturonate#adonitol#palatinose#saccharose#L-arabinose#trehalose#rhamnose#inositol#sorbitol#cellobiose#lactose#myo-inositol#lactulose#N-acetyl-D-glucosamine#D-galactose#D-sorbitol#D-xylose#dulcitol#salicin
Riernerella columbina,"M. Vancanneyt, P. Vandamme, P. Segers,’ U. Torck, R. Coopman, K. Kersters and K.-H. Him1999_genus_Riernerella_species_columbina_strain_number_LMG 11607.xml",Riernerella,columbina,LMG 11607,36|mol%,branched-chain fatty|acids 13 : 0 iso,,,,,,,,,,,,,,,,,37|˚C,,42|˚C,,,,,,,,,beige pigment#a grey-white#Columbia blood agar,Acid,,,respiratory disease,,,hydrolysed aesculin,litmus lactose agar variable features,,,dextrin variable reactions#D-glucose#acid#maltose#D-mannose#D-fructose#L-sorbose,
Butyricimonas,"Mitsuo Sakamoto1, Akiko Takagaki2, Kohei Matsumoto3, Yuko Kato3, Keiichi Goto3 and Yoshimi Benno2009_genus_Butyricimonas.xml",Butyricimonas,,,,rod-shaped|and 1.0×1.5 μm#non-hydroxylated 3-hydroxylated long-chain fatty|Both non-hydroxylated and 3-hydroxylated long-chain fatty acids#straight-chain saturated|acids,,1.5|µm,1.0|µm,,Gram negative,,non-spore-forming,non-motile,,,,,,,,,,,,obligately|anaerobic,,medium containing 20% bile,,,slightly convex#circular,entire,smooth,yellowish,acids#amounts#acetic,amounts,,,,,,Aesculin,,,butyric and isobutyric acids,
Butyricimonas synergistica,"Mitsuo Sakamoto1, Akiko Takagaki2, Kohei Matsumoto3, Yuko Kato3, Keiichi Goto3 and Yoshimi Benno2009_genus_Butyricimonas_species_synergistica_strain_number_MT01.xml",Butyricimonas,synergistica,MT01,46.4|mol%,,,,,,,,,,,,,,,,,,,,,,,,,,,,,,Acid#butyric acid#amounts#acids#propionic#acetic,amounts,,,,,,,,,glucose#d-mannose,l-arabinose#lactose#glycerol#cellobiose#maltose#d-mannitol#melezitose#raffinose#l-rhamnose#salicin#d-sorbitol#sucrose#trehalose#d-xylose
Butyricimonas virosa,"Mitsuo Sakamoto1, Akiko Takagaki2, Kohei Matsumoto3, Yuko Kato3, Keiichi Goto3 and Yoshimi Benno2009_genus_Butyricimonas_species_virosa_strain_number_MT12.xml",Butyricimonas,virosa,MT12,46.5|mol%,,,,,,,,,,,,,,,,,,,,,,,,,,,,,,Acid#acids#amounts#acetic,Catalase#amounts,,,,,,,,,glucose#glycerol,l-arabinose#trehalose#sucrose#d-sorbitol#salicin#l-rhamnose#raffinose#melezitose#d-mannose#d-mannitol#maltose#lactose#cellobiose#d-xylose
Ornithobacterium ,"P. VANDAMME, P. SEGERS, M. VANCANNEYT, K. VAN HOVE, R. MUTTERS, J. HOMMEZ, F. DEWHIRST, B. PASTER, K. KERSTERS, E. FALSEN, L. A. DEVRIESE, M. BISGAARD, K.-H. HINZ, W. MANNHEIM1994.xml",Ornithobacterium,,,37-39|mol%,plump|rods#short,,,,,Gram negative,,nonsporulating,nonmotile,,,37|mol%,,39|mol%,,,,30|˚C,,42|˚C,,,,,,,,,,,,,,,,,,,,birds#Ornithobactenurn#bird bacterium,
Coenonia anatina,"P. Vandamme,' M. Vancanneyt,' P. Segers,' M. RYII,~B. Kahler,4 W. Ludwig5and K.-H. Hinz1999_genus_Coenonia_species_anatina_strain_LMG 14382.xml",Coenonia,anatina,LMG 14382,35-36|mol%#35|mol%,non-spore-forming|rods#short|chains#spherically|swollen,,1.25-2.5|µm,0.2-0.4|µm,chains,Gram negative,,non-spore-forming rods,Non-motile,,,35|mol%,,36|mol%,,,,,,,absent|aerobic|aerobic#absent|anaerobic|anaerobic#absent|aerobic|conditions#absent|anaerobic|conditions#microaerobic|microaerobic#microaerobic|conditions,,not||special growth factors,,,circular#flat-convex,entire edges,smooth surface,blood agar#whitish colonies#non-pigmented,Acid#Acidification,,pathogenic role,respiratory tract#Anatipestifer-associated exudative septicaemia#septicaemia-related losses#Coenonia anatina-associated disease,respiratory tract,Non-haemolytic,aesculin,citrate,,nitrate,D-glucose#BSS medium#D-galactose#lactose#D-mannose#maltose#D-fructose#N-acetyl glucosamine#lactulose#dextrin,malonate#trehalose#adonitol#L-arabinose#dulcitol#myo-inositol#D-mannitol#D-sorbitol#saccharose#salicin#sorbose#D-xylose#acidification#D-arabitol#mannitol#5-keto-gulconate#galacturonate#L-arabitol#rhamnose#inositol#maltose#palatinose#cellobiose#sorbitol#indole production#β-glucuronidase#urease#lysine decarboxylase#ornithine#arginine dihydrolase
Campylobacter,"P. Vandamme1, L. Debruyne1, E. De Brandt1 and E. Falsen2009_genus_Campylobacter.xml",Campylobacter,,,29-47|mol%,curved|spirally  rods#slender#straight|rods#predominantly|curved#more|spirals#Rods#short|chains#coccoid|bodies#spherical,,0.5-5|µm#8|µm,0.2-0.8|µm,chains#single,Gram negative,unsheathed flagellum#flagella#multiple flagella,Non-spore-forming,motile#multiple|flagella#non-motile,,,,,,,,,35|˚C,,37|˚C,microaerophilic,,Serum,,,,,,,hydrogen#formate,,pathogenic,respiratory type,oral cavity,,blood#Serum,Starch#tyrosine#casein#casein hydrolysis test media,hydrogen,,respiratory type#formate#man#animals#reproductive organs#intestinal tract#oral cavity,neutral end-products#acid#carbohydrates#amino acids#tricarboxylic acid cycle intermediates
Campylobacter ureolyticus,"P. Vandamme1, L. Debruyne1, E. De Brandt1 and E. Falsen2009_genus_Campylobacter_species_ureolyticus_strain_number_LMG 6451.xml",Campylobacter,ureolyticus,LMG 6451,28-30|mol%,Filaments exceeding 20 μm#long|pili,0.5|µm,1.5-4|µm#20|µm,,,,long pili#flagella#pili,,Non-motile#motility#polar|tufts,,requires sodium#requires potassium,2|%|NaCl#1.5|%,,4|%|NaCl#2|%,,,,30|˚C,,37|˚C,hydrogen-enriched microaerobic|microaerobic#hydrogen-enriched microaerobic|conditions,,No||1.5-2% bile#1% bile,range,,,,,blood agar bases#Translucent colonies#0.01% janus green#0.0005% crystal violet,hydrogen,,Pathogenicity,,,,0.01% janus green#0.0005% crystal violet#0.02% safranine#0.02% sodium arsenite#0.1% potassium permanganate#1% bile#nutrient agar#Campylobacter charcoal deoxycholate medium#Campylobacter minimal medium#MacConkey agar#Casein hydrolysis,common agar bases#1.5-2% bile,hydrogen-enriched microaerobic conditions#nitrite#nitrate#0.02% sodium arsenite,,,hydrogen sulphide#triphenyl-tetrazolium chloride#production#reduction#alkaline phosphatase activity#DNase activity#hippurate
Elizabethkingia anophelis,"Peter Kämpfer, Holly Matthews2, Stefanie P. Glaeser3, Karin Martin4, Nicole Lodders1 and Ingrid Faye2011_genus_Elizabethkingia_species_anophelis_strain_number_R26.xml",Elizabethkingia,anophelis,R26,,non-spore-forming|rods,,2|µm,1|µm,,Gram reaction negative,,non-spore-forming rods,non-motile,not||the flexirubin-type#not||non-diffusible and non-fluorescent yellow pigment,,,,,,,,,30-31|˚C,,,,,,number,circular,entire edges,shiny#translucent#smooth,translucent#yellowish#not||non-diffusible and non-fluorescent yellow pigment#no||blood agar plates,Acid,hydrogen sulfide production,,,,no||haemolytic activity,γ-l-glutamate-#l-alanine-p-nitroanilide#2-deoxythymidine-2′--phosphate#l-proline#phosphoryl-choline,d-ribose#l-rhamnose#α-melibiose#maltitol#d-mannitol#d-mannose#glycerol#gluconate#d-galactose#maltose#d-glucose#d-fructose#cellobiose#l-arbutin#l-arabinose#N-acetyl-d-glucosamine#carbon: N-acetyl-d-galactosamine#sucrose#salicin#trehalose#d-xylose#adonitol#inositol#d-sorbitol#putrescine#acetate#propionate#3-hydroxybenzoate#l-tryptophan#l-proline#l-leucine#l-histidine#l-aspartate#l-serine#l-phenylalanine#l-ornithine#β-alanine#l-alanine#mesaconate#citrate#suberate#pyruvate#2-oxoglutarate#dl-lactate#itaconate#dl-3-hydroxybutyrate#glutarate#fumarate#azelate#adipate#4-hydroxybenzoate#phenylacetate#4-aminobutyrate#trans-aconitate#cis-aconitate,,,doubling time#d-glucose#sucrose#l-rhamnose#maltose#d-mannitol#lactose#trehalose#cellobiose#β-galactosidase activity#tryptophan#Aesculin hydrolysis#indole production#activity#tyrosine#DNA#starch#gelatin#casein#hydrolysis#Urease activity#lysine decarboxylase#arginine dihydrolase#ornithine decarboxylase#utilization,adonitol#dulcitol#d-arabitol#l-arabinose#erythritol#i-inositol#melibiose#methyl α-d-glucoside#raffinose#salicin#d-sorbitol#d-xylose
Proteiniphilum ,"Shuangya Chen1,2 and Xiuzhu Dong2005_genus_Proteiniphilum.xml",Proteiniphilum,,,46.6-48.9|mol%,non-spore-forming|rods#iso-branched fatty|acids,,,,,Gram negative,,non-spore-forming rods,motile,,,,,,,,,20|˚C,,45|˚C,Obligately|anaerobic#not|aerobic|aerobic#not||microaerophilic#not|aerobic|growth,,Not||20% bile,,,,,,,Acid#acetic acid,,,,,,peptone#Yeast extract,Carbohydrates#Gelatin,,Nitrate,PY#propionic acid#acetic acid,
Proteiniphilum acetatigenes,"Shuangya Chen1,2 and Xiuzhu Dong2005_genus_Proteiniphilum_species_acetatigenes_strain_TB107.xml",Proteiniphilum,acetatigenes,TB107,,,,1.9-2.2|µm,0.6-0.9|µm,,,,,,,,,,,6,7.5-8.0,9.7,,37|˚C,,,,,,,slightly convex#circular,,translucent,translucent#white,Acid#pyruvate#acetic acid,not||H2S,,,,,glycine#pyruvate#peptone#yeast extract#L-arginine#L-serine#tryptone#L-threonine#L-alanine#Starch#aesculin,ribitol#sorbitol#mannitol#inositol#erythritol#dulcitol#amygdalin#adonitol#D-xylose#trehalose#starch#sorbose#salicin#sucrose#ribose#rhamnose#raffinose#melibiose#mannose#D-maltose#D-lactose#inulin#glycogen#D-glucose#D-galactose#D-fructose#aesculin#cellobiose#L-arabinose#L-cysteine#L-aspartate#L-proline#L-isoleucine#L-tyrosine#tryptophan#L-glutamine#L-valine#L-phenylalanine#L-methionine#L-lysine#L-leucine#: L-histidine#methanol#ethanol#1-propanol#citrate#fumarate#malate#succinate#malonate#hippurate#sodium gluconate#butane diacid#β-hydroxybutyric acid#phenylacetic acid#cellulose#xylan,NH3,,tryptone#L-alanine#L-threonine#L-serine#yeast extract#fermentation#pyruvate#peptone#L-arginine,
Stenothermobacter,"Stanley C. K. Lau1, Mandy M. Y. Tsoi1, Xiancui Li1, Ioulia Plakhotnikova1, Sergey Dobretsov1, Madeline Wu1, Po-Keung Wong2, Joseph R. Pawlik3 and Pei-Yuan Qian12006_genus_Stenothermobacter.xml",Stenothermobacter,,,,tapered|ends forming chains#rods,,2.5|µm,,chains,Gram negative,,,,,,,,,,,,,,,Strictly|aerobic,,,,,,,,,,,,,,,,,,,narrow temperature range,
Stenothermobacter spongiae,"Stanley C. K. Lau1, MaQian12006_genus_Stenothermobacter_species_spongiae.xml",Stenothermobacter,spongiae,UST030701-156,41.0|mol%,,,,,,,,,slowly|motile,No||diffusible pigment#not||Flexirubin-type pigments,,2.0|%|NaCl,,6.0|%|NaCl,6,,10,28.0|˚C#20.0|˚C,,30.0|˚C#36.0|˚C,,,,ampicillin#chloramphenicol#penicillin#streptomycin#tetracycline,kanamycin,convex#circular,entire margins,smooth surfaces,orange,acid#acetic acid#succinate,not||H2S,,,,,Tweens 20#starch#Hydrolyses gelatin#glycerol#D-glucose#D-galactose#API 50 CH systems: D-arabinose#API 20NE#API 20E#D-mannitol#D-melibiose#D-sorbitol#D-sucrose#propionic acid#α-ketovaleric acid#α-ketoglutaric acid#acetic acid#monomethyl succinate#sucrose#D-raffinose#: D-maltose#L-alaninamide#L-alanine#L-alanyl glycine#L-aspartic acid#L-glutamic acid#glycyl L-aspartic acid#glycyl L-glutamic acid#L-ornithine#L-proline,chitin#carboxylmethylcellulose#casein#agar#DNA,,Nitrate,,carbon sources
Zobellia,"Tristan Barbeyron,1 Ste!phane L’Haridon,2 Erwan Corre,2 Bernard Kloareg1 and Philippe Potin12001_genus_Zobellia.xml",Zobellia,,,42-44|mol%,non-spore-forming|rods,,1.5-8.0|µm,0.2|µm,,Gram negative,not||flagella,non-spore-forming rods,gliding motility#not||flagella,flexirubin-type pigment,,,,,,,,,,,not|strictly|aerobic,,,,,,,,flexirubin-type pigment#orange#yellow,Acid,,,,,,k-carrageenan#agar#i-carrageenan,amorphous cellulose,Nitrate,oxygen,red#agar#k-carrageenan#i-carrageenan#many carbohydrates#acid#many c9-Carbohydratesmonodisaccharides,many c9-Carbohydratesmonodisaccharides
Zobellia galactanovorans,"Tristan Barbeyron,1 Ste!phane L’Haridon,2 Erwan Corre,2 Bernard Kloareg1 and Philippe Potin12001_genus_Zobellia_species_galactanovorans_strain_number_Dsij.xml",Zobellia,galactanovorans,Dsij,43|mol%,rods,,3.0-8.0|µm,0.3-0.4|µm,,,,,non-motile#gliding motility,,,,,,,,,,,,,,,,,,,,yellow,,not||H2S nor indole,,,,,k-carrageenan#agar#DNA#Gelatin#starch agar#starch Phytagel plates#Starch,,,,d-glucose#d-mannitol#d-mannose#d-galactose#d-fructose#rhamnose#l-arabinose#maltose#sucrose#starch,d-sorbitol#glycerol