Taxon,XML Files,USED WHEN DELEVOPING,Genus,Species,Strain,%G+C,Cell shape,Motility,Pigment compounds,Cell diameter,Cell length,Cell width,Cell relationships&aggregations,Gram stain type,External features,Internal features,Aerophilicity,Magnesium requirement for growth,Vitamins & Cofactors used for growth,Salinity Requirement for Growth,NaCl minimum,NaCl optimum,NaCl maximum,pH minimum,pH optimum,pH maximum,Temperature minimum,Temperature optimum,Temperature maximum,Antibiotic sensitivity,Antibiotic resistant,Colony shape,Colony margin,Colony texture,Colony color,Fermentation Products,Other metabolic product,Pathogenic,Disease Caused,Pathogen Target Organ,Haemolytic & haemadsorption properties,organic compounds used or hydrolyzed,organic compounds NOT used or NOT hydrolyzed,inorganic substances used,inorganic substances NOT used,fermentation substrates used,fermentation substrates NOT used
Actibacter,"Ju-Hyoung Kim1,     Ki-Youn Kim1,     Young-Tae Hahm1,     Bong-Soo Kim2,     Jongsik Chun2 and     Chang-Jun Cha2008_genus_Actibacter.xml",YES,Actibacter,,,,"rod-shaped, rounded ends[rod-shaped with rounded ends]",non-flagellated # non-gliding,absent||Flexirubin-type pigments,,,,,gram-negative,non-flagellated,not||Spores,aerobic,,,,,,,,,,,,,,,,,,,,,,,,,,,,,,
Anaerophaga,"Karin Denger,1 Rolf Warthmann,2 Wolfgang Ludwig3 and Bernhard Schink12002_genus_Anaerophaga.xml",YES,Anaerophaga,,,,,,,,,,,,no fruiting bodies,,strictly|anaerobic,,,,,,,,,,,,,,,,,,,,,,,,,,,,,,
Aquimarina macrocephali,"Masayuki Miyazaki,     Yuriko Nagano,     Yoshihiro Fujiwara,     Yuji Hatada and     Yuichi Nogi2009_genus_Aquimarina_species_macrocephali_strain_number_JAMB N27.xml",YES,Aquimarina,macrocephali,JAMB N27,33.1|mol%,rod-shaped,motile by gliding,"pigment, maximum absorption,451.2 nm [pigment with maximum absorption at 451.2 nm] ",,3.0-25.5|μm,0.4-0.6|μm,,gram-negative,,,strictly|aerobic,,,requires NaCl,1|%|NaCl,2-3|%|NaCl,4|%|NaCl,,,,8|°C,24|°C,30|°C,erythromycin  # rifampicin  # vancomycin ,tetracycline  # ampicillin  # nalidixic acid  # gentamicin  # chloramphenicol  # kanamycin  # penicillin  # neomycin  # streptomycin ,convex#circular,entire edges,smooth#shiny,orange,acid,,,,,,casein # chitin # gelatin # starch,aesculin # agar # cellulose # urea # xylose # Tween 20 # Tween 40 # Tween 80,,Nitrate # nitrite,maltose # d-mannose # trehalose,l-arabinose # cellobiose # d-fructose # d-galactose # d-glucose # glycerol # myo-inositol # lactose # d-mannitol # raffinose # l-rhamnose # d-sorbitol # sucrose # xylose
Bacteroides dorei,"Mohammad Abdul Bakir1, Mitsuo Sakamoto1, Maki Kitahara1, Mitsuharu Matsumoto2 and Yoshimi Benno12006_genus_Bacteroides_species_dorei_strain_number_CM 13471.xml",YES,Bacteroides,dorei,CM 13471,43|mol%,rods,non-motile,,,1.6-4.2|μm,0.8-1.2|μm,singly,gram-negative,,non-spore-forming,anaerobic,,,,,,,,,,,37|°C,,,,convex#circular#raised,,,whitish,acid,,,,,,,aesculin # urease # gelatin,,Nitrate,glucose # sucrose # xylose # rhamnose # lactose # maltose # arabinose # mannose # raffinose,cellobiose # salicin # trehalose # mannitol # glycerol # melezitose # sorbitol
Bacteroides oleiciplenus,"Yohei Watanabe, Fumiko Nagai, Masami Morotomi, Hiroshi Sakon and Ryuichiro Tanaka2009_genus_Bacteroides_species_oleiciplenus_strain_number_YIT 12058.xml",YES,Bacteroides,oleiciplenus,YIT 12058,43.6|mol%,rod-shaped,non-motile,,,1.4-55.0|μm,1.0-1.9|μm,,gram-stain-negative,,non-spore-forming,obligately|anaerobic,,,,,,,,,,,,,,,convex#circular,entire,opaque#shiny#butyrous,grey-white,acetic acid# succinic acid# formic acid# lactic acid,,,,,,,,,,glucose,
Bizionia algoritergicola,John P. Bowman and David S. Nichols2002_genus_Bizionia_species_algoritergicola_strain_number_APA-1.xml,YES,Bizionia,algoritergicola,APA-1,45|mol%,rod-like,,not||flexirubin pigments,,1-3|μm,0.3-0.5|μm,,,,,,,,Requires Na+ ions,0.2|M|NaCl,0.3-0.4|M|NaCl,2.0|M|NaCl,,,,-2|°C,1-20|°C,25|°C,,,convex#circular,entire edge,butyrous consistency,golden-yellow,,,,,,,yeast extract # peptone # l-histidine # gelatin # casein # Tween 80 # l-tyrosine # DNA # urea,elastin # starch # aesculin,,sodium nitrate # ammonium chloride # nitrate,,carbohydrates on Leifson's O-F medium [Acid production from carbohydrates on Leifson's O-F medium is undetectable.] 
Cloacibacterium normanense,"Toby D. Allen1, Paul A. Lawson1, Matthew D. Collins2, Enevold Falsen3 and Ralph S. Tanner2006_genus_Cloacibacterium_species_normanense_strain_number_NRS1.xml",YES,Cloacibacterium,normanense,NRS1,31|mol%,long,,,,5-9|μm # ≤27|μm,,,,,,,,,,,,,6.0,7,9.0,>|4|°C,30|°C,<|40|°C,carbenicillin # chloramphenicol # ciprofloxacin # doxycycline # gentamicin # oxytetracycline # sulfathiozole # tetracycline,erythromycin # kanamycin ,round,entire,very waxy,,acid,,,,,,starch # aesculin # gelatin # casein # DNA,urea # chitin # pectin # alginate # uric acid # xanthine # hypoxanthine # cellulose # aga,,nitrate,α-cyclodextrin # mannose,alanine # ribose # mannitol # sorbitol # lactose # trehalose # raffinose # hippurate # glycogen # melibiose # melezitose # sucrose # l-arabinose # d-arabitol # tagatose # raffinose
Flagellimonas,"Seung Seob Bae,     Kae Kyoung Kwon,     Sung Hyun Yang,     Hee-Soon Lee,     Sang-Jin Kim and     Jung-Hyun Lee2007_genus_Flagellimonas.xml",YES,Flagellimonas,,,56.3|mol%,rods,motile,non-diffusible carotenoid pigments # absent||flexirubin-type pigments,,,,,gram-negative,flagellum,,strictly|aerobic,,,,,,,,,,,,,,,,,,,,,,,,,,,,,,
Galbibacter mesophilus,"Shams Tabrez Khan, Yasuyoshi Nakagawa and Shigeaki Harayama2007_genus_Galbibacter_species_mesophilus_strain_number_Mok-17.xml",YES,Galbibacter,mesophilus,Mok-17,37|mol%,,variable|swarming # not|gliding motility,carotenoid-type pigments # not||flexirubin-type pigments,,1.0-3.0|μm,0.5-0.7|μm,,,,,,,,requires seawater [Growth occurs in the presence of 30–70 % (v/v) ASW but not in the absence of seawater],3|%|NaCl,3-5|%|NaCl,7|%|NaCl,,,,10|°C,25-30|°C,42|°C,,,,irregular margins,,yellow,,,,,,,starch # aesulin # gelatin # casein # α-cyclodextrin # dextrin # cellobiose # D-fructose # D-galactose # gentiobiose # α-D-glucose # α-D-lactose # lactulose # maltose # D-mannose # D-melibiose # methyl β-D-glucoside # D-raffinose # sucrose # D-trehalose # turanose # L-alanyl glycine # L-asparagine # L-aspartic acid # L-glutamic acid # glycyl L-glutamic acid # L-proline # L-serine # L-threonine,agar # carrageenan # urea # arginine # DNA # chitin # cellulose # CM-cellulose # glucose,nitrate,,,glucose
Gillisia sandarakina,John P. Bowman and David S. Nichols2002_genus_Gillisia_species_sandarakina_strain_number_IC148.xml,YES,Gillisia,sandarakina,IC148,36|mol%,rod-shaped,non-motile,not||flexirubin pigments,,1-10|μm,0.4-0.5|μm,,gram-negative,,,,,,requires sea salts ,0.2|M|NaCl,0.3-0.5|M|NaCl,1.5|M|NaCl,,,,-2|°C,1-20|°C,<|30|°C,,,convex#circular,entire edge,butyrous consistency,light orange,,,,,,,d-glucose # dl-arabinose # d-mannose # sodium propionate # l-proline # gelatin # starch # Tween 80 # l-tyrosine,casein # elastin # aesculin # DNA # urea,sodium nitrate # ammonium chloride # nitrate,,,d-glucose
Hallella seregens,LILLIAN V. H. MOORE_ AND W. E. C. MOORE1994_genus_Hallella_species_seregens_strain_number_ATCC 5127.xml,YES,Hallella,seregens,ATCC 5127,58|mol%,have swellings ,,,,1.2-6.2|μm,0.9-1.5|μm#2.4|μm,singly#short chains,,,swellings,,,,,,,,,,,,,,,,convex#circular,entire,shiny#translucent,no||dark pigment,succinic acid # acetic acid # lactic acid,,,gingivitis # periodontitis,gingival crevices,No hemolysis,peptone # yeast extract # serum,,,,,PYG-serum broth
Kordia periserrulae,AhyoungsChoi1sHyun-MyungsOh1sSeung-JosYang1sJang-CheonsCho2011_GENUS_Kordiasunspecified_SPECIES_periserrulaesunspecified.xml,YES,Kordia,periserrulae,IMCC1412,37.3|mol%,rod-shaped,non-motile # non-gliding,flexirubin-negative,,1.3-3.7|μm,0.4-1.0|μm,,gram-reaction-negative,,,facultatively|anaerobic,,,,0.5|%|NaCl,3|%|NaCl,7.5|%|NaCl,7.0,7.0-8.0,9.0,4|°C,30|°C,37|°C,chloramphenicol # erythromycin # rifampicin # vancomycin ,ampicillin # gentamicin # kanamycin # penicillin G # streptomycin # tetracycline,convex#circular,entire margin,shiny,yellow-pigmented,acid,,,,,,"starch # casein # elastin # α-cyclodextrin # dextrin # glycogen # N-acetyl-d-galactosamine # adonitol # d-arabitol # cellobiose # i-erythritol # d-fructose # l-fructose # d-galactose # gentiobiose # α-d-glucose # myo-inositol # α-lactose # lactulose # maltose # d-mannitol # d-mannose # melibiose # methyl β-d-glucoside # d-psicose # raffinose # l-rhamnose # d-sorbitol # sucrose # trehalose # turanose # xylitol # pyruvic acid methyl ester # succinic acid monomethyl ester # acetic acid # cis-aconitic acid # citric acid # formic acid # d-galactonic acid lactone # d-galacturonic acid # d-gluconic acid # d-glucosaminic acid # d-glucuronic acid # α-hydroxybutyric acid # β-hydroxybutyric acid # γ-hydroxybutyric acid # α-ketobutyric acid # α-ketoglutaric acid # α-ketovaleric acid # dl-lactic acid # malonic acid # propionic acid # quinic acid # d-saccharic acid # succinic acid # bromosuccinic acid # succinamic acid # glucuronamide # l-alaninamide # l-alanine # l-alanyl glycine # l-glutamic acid # glycyl l-aspartic acid # glycyl l-glutamic acid # l-ornithine # l-phenylalanine # l-proline # l-pyroglutamic acid # l-threonine # dl-carnitine # uridine # thymidine # phenylethylamine # putrescine # 2-aminoethanol # 2,3-butanediol # glycerol # dl-α-glycerol phosphate # α-d-glucose 1-phosphate # N-acetyl- d-glucosamine # aesculin # gelatin",,,nitrate,glycerol # d-galactose # d-glucose # d-mannose # l-sorbose # l-rhamnose # N-acetylglucosamine # amygdalin # arbutin # aesculin ferric citrate # d-cellobiose # maltose # sucrose # starch # glycogen # gentiobiose # d-tagatose # potassium 2-ketogluconate.,glucose
Lacinutrix,John P. Bowman and David S. Nichols2002_genus_Lacinutrix.xml,YES,Lacinutrix,,,,straight[straight rods]#slightly curved|rods[slightly curved rods],non-motile,not||flexirubin pigments,,1-2|μm,0.4-0.5|μm,,gram-negative,,not||spores#not||resting cells,strictly|aerobic,,,,,,,,,,,,,,,,,,golden-yellow,,,,,,,,,,,,
Lishizhenia caseinilytica,"Ken W. K. Lau, Jianping Ren, Natalie L. M. Wai, Pei-Yuan Qian, Po-Keung Wong and Madeline Wu2006_genus_Lishizhenia_species_caseinilytica_strain_number_UST040201-001.xml",YES,Lishizhenia,caseinilytica,UST040201-001,35.8±0.5|mol%,enlarged cells#filamentous cells,motile by gliding # not|swarm,carotenoid pigments,0.3-0.5|µm,0.5-3.8|μm,,,,,,,,,Halophilic,1|%|NaCl,1-3|%|NaCl,7.5|%|NaCl,5.0,7,9.0,4|°C,27-30|°C,37|°C,ampicillin # chloramphenicol # penicillin G # rifampicin # tetracycline # polymyxin B,kanamycin # gentamicin sulfate # spectinomycin,convex#circular,entire margin,translucent#glistening#smooth,light orange,,,,,,,,,,,,
Nonlabens,"Stanley C. K. Lau, Mandy M. Y. Tsoi, Xiancui Li, Ioulia Plakhotnikova, Sergey Dobretsov, Po-Keung Wong, Joseph R. Pawlik and Pei-Yuan Qian2005_genus_Nonlabens.xml",YES,Nonlabens,,,,short rod,non-motile,not||Flexirubin-type pigments,,,,,gram-negative,,not||spores[not forming spores],strictly|aerobic,,,,,,,,,,,,,,,,,,,,,,,,,,,,,,
Salegentibacter catena,"Jiao-Yan Ying,     Zhi-Pei Liu1,     Bao-Jun Wang1,     Xin Dai1,     Su-Sheng Yang2 and     Shuang-Jiang Liu2007_genus_Salegentibacter_species_catena_strain_number_HY1.xml",YES,Salegentibacter,catena,HY1,44.4|mol%,rods,devoid|flagellar|motilities # devoid|gliding|motilities,,,2-6|μm,0.5-0.8|μm,chains,gram-negative,appendages,,Strictly|aerobic,,,,0.1|%|NaCl,1-4|%|NaCl,10|%|NaCl,6.5,7.5–8.2,9.0,15|°C,33|°C,42|°C,ampicillin # carbenicillin # tetracycline # vancomycin # ciprofloxacin # rifampicin # norfloxacin # chloramphenicol # benzylpenicillin # kanamycin # erythromycin,gentamicin # neomycin # polymyxin B # streptomycin,convex#circular,,shiny#slimy,saffron yellow,acid,,,,,,Aesculin # casein # gelatin # starch # Tween 20 # weak|glucose,agar # DNA # carboxymethylcellulose,,nitrate,glucose,sucrose # mannose # maltose # arabinose # lactose # rhamnose # melibiose # fucose # raffinose # xylose # adonitol # inositol # sorbitol # gluconate # malonate # galactose # malate # citrate # pyruvate # lactate # propionate # acetate # alanine # proline
Tamlana agarivorans,"Jung-Hoon Yoon, So-Jung Kang, Mi-Hwa Lee and Tae-Kwang Oh2008_genus_Tamlana_species_agarivorans_strain_number_JW-26.xml",YES,Tamlana,agarivorans,JW-26,36.8|mol%,rods,"
",Carotenoid # flexirubin,0.6-1.0|µm,1.0-3.0|μm,,,gram-negative,non-flagellated,,not|anaerobic growth,,,,0.5|%w/v|NaCl,2|%w/v|NaCl,6|%w/v|NaCl,5.0,7.0-8.0,,10|°C,,38|°C,,,circular#flat#raised,regular margins,glistening#smooth,yellow,,,,,,,,Hypoxanthine # xanthine # Tween 20 # Tween 40 # Tween 60,,,,
Ulvibacter antarcticus,"Tae-Hwan Choi, Hong Kum Lee, Kiyoung Lee and Jang-Cheon Cho2007_genus_Ulvibacter_species_antarcticus_strain_number_IMCC3101.xml",YES,Ulvibacter,antarcticus,IMCC3101,37.0|mol%,straight rods,devoid|flagellar|motility # devoid|gliding motility,"Flexirubin-type pigments#absorption, 397, 450 (major peak) and 470 nm ",0.4-0.7|µm,0.5-2.3|μm,,,gram-negative,,,obligately|aerobic,,,,1|%|NaCl,2|%|NaCl,3|%|NaCl,6.0,7,10.0,3|°C,25|°C,25|°C,chloramphenicol # erythromycin # penicillin G # rifampicin # tetracycline,ampicillin # gentamicin # kanamycin # streptomycin # vancomycin,circular,entire edges,shiny# viscous,dark yellow,,,,,,,Starch # gelatin # α-cyclodextrin # glycogen # N-acetyl-d-galactosamine # d-arabitol # d-mannitol # pyruvic acid methyl ester # succinic acid monomethyl ester # d-galacturonic acid # α-ketoglutaric acid # α-ketovaleric acid # bromosuccinic acid # l-alaninamide # l-alanine # l-alanylglycine # l-asparagine # l-aspartic acid # l-glutamic acid # glycyl l-aspartic acid # glycyl l-glutamic acid # l-leucine # l-ornithine # l-proline # l-serine # l-threonine # urocanic acid,casein # agar # elastin # CM-cellulose # chitin # aesculin # urea,,nitrate,,glucose
Vitellibacter vladivostokensis,"Olga I. Nedashkovskaya1, Makoto Suzuki2, Mikhail V. Vysotskii3 and Valery V. Mikhailov12003_genus_Vitellibacter_species_vladivostokensis_strain_number_KMM 3516.xml",YES,Vitellibacter,vladivostokensis,KMM 3516,41.3|mol%,,,,,3-10|μm,0.3-0.5|μm,,,,,,,,,1|%|NaCl,,6|%|NaCl,,,,4|°C,28|°C,43|°C,,,convex#circular,entire edges,shiny,,,,,,,,gelatin # casein # DNA # elastin # Tween 20 # Tween 40 # Glycerol # N-acetylglucosamine # acetate # citrate # malonate # tartrate # alanine,cellulose # CM-cellulose # filter paper # chitin # agar # starch # alginate # urea # Tween 60 # Tween 80 # inositol # mannitol # sorbitol # arabinose # sucrose # glucose # lactose # mannose,,nitrate,,arabinose # cellobiose # fucose # galactose # glucose # lactose # maltose # melibiose # raffinose # rhamnose # sorbose # sucrose # xylose # adonitol # dulcitol # glycerol # inositol # mannitol # sorbitol # N-acetylglucosamine
Xylanibacter oryzae,"Atsuko Ueki, Hiroshi Akasaka†, Daisuke Suzuki, Satoshi Hattori and Katsuji Ueki2006_genus_Xylanibacter_species_oryzae_strain_number_KB3.xml",YES,Xylanibacter,oryzae,KB3,43.6|mol%,,,,,,,,,,,,,Haemin,,0|%w/v|NaCl,,0.5|%w/v|NaCl ,4.7,5.7-6.2,7.3,15|°C,30|°C,35|°C,,,,,,,acetate #  propionate # succinate,,,,,,arabinose # ribose # xylose # fructose # galactose # glucose # mannose # rhamnose # cellobiose # lactose # maltose # sucrose # trehalose # CMC # soluble starch # xylan # pectin # salicin # pyruvate # Aesculin,sorbose # melezitose # cellulose powder # filter paper # inulin # glycerol # inositol # mannitol # fumarate # lactate # malate # succinate # gelatin,,,arabinose # ribose # xylose # fructose # galactose # glucose # mannose # rhamnose # cellobiose # lactose # maltose # sucrose # trehalose # CMC # soluble starch # xylan # pectin # salicin # pyruvate,
Yeosuana,"Kae Kyoung Kwon, Hee-Soon Lee, Hong-Bae Jung, Ji-Hyun Kang and Sang-Jin Kim2006_genus_Yeosuana.xml",YES,Yeosuana,,,51.4|mol%,rods,non-motile # no|gliding motility,non-diffusible carotenoids #absent||flexirubin type pigments ,,,,,gram-negative,,,strictly|aerobic,,,,,,,,,,,,,,,,,,yellowish-brown,,,,,,,,,,,,
Zeaxanthinibacter enoshimensis,"Dalal Asker, Teruhiko Beppu and Kenji Ueda2007_genus_Zeaxanthinibacter_species_enoshimensis_strain_number_TD-ZE3.xml",YES,Zeaxanthinibacter,enoshimensis,TD-ZE3,46.5|mol%,,,non-diffusible yellow carotenoid pigments# zeaxanthin,,1.2-3.9|μm,0.2-0.4|μm,,,,vesicle-like microstructures,,,,requires NaCl,>0|%w/v|NaCl,4|%w/v|NaCl,<8 |%w/v|NaCl,5.5,7.0–8.0,11.0,16.0|°C,28.0-30.0|°C,40.0|°C,,,convex,,smooth#shiny#translucent,yellow,acid,,,,,,Aesculin # Tween 80 # gelatin # starch # mannitol # N-acetylglucosamine # gluconate # glucose # mannose # maltose,agar # DNA # casein # cellulose # chitin # urea # arabinose # capric acid # adipic acid # malate # trisodium citrate # phenylacetic acid,,nitrate,glucose # mannose # methyl α-D-mannoside # methyl α-D-glucoside # cellobiose # maltose # lactose # melibiose # sucrose # trehalose # melezitose # raffinose # arabinose # D-turanose,
Alistipes indistinctus,Fumiko2010_GENUS_Alistipes_SPECIES_indistinctsunspecified.xml,,Alistipes,indistinctus,YIT 12060,55.2|mol%,"coccoid # rod-shaped, round ends[rod-shaped with round ends]",,,,1.0-3.8|μm,0.5-0.7|μm,,gram-negative,,non-spore-forming,strictly|anaerobic,,,,,,,,,,,,,,,circular,,slightly opaque,grey,acid#succinic acid# acetic acid,,,,,,,aesculin # gelatin,,nitrate,cellobiose # glucose # lactose # maltose # d-mannose # melezitose # raffinose # l-rhamnose # salicin # sucrose # trehalose # d-xylose # l-arabinose # glycerol # d-mannitol # d-sorbitol,
Aquimarina addita,Hana Yi and Jongsik Chun2011_genus_Aquimarina_species_addita_strain_number_JC2680.xml,,Aquimarina,addita,JC2680,35|mol%,"rods,rounded ends[rods with rounded ends]",non-motile#No gliding motility ,absent||Flexirubin-type pigments,,1.4-2.2|μm,0.3-0.5|μm,,gram-reaction-negative,,not||Spores,strictly|aerobic,,,Requires sea salts,3|%|sea salts,3|%|sea salts,7|%|sea salts,6.0,6,8.0,4|°C,25|°C,30|°C,,,circular#convex,entire margins,glistening#translucent,orange,acid#acetoin,,,,,,aesculin # gelatin # starch # Tween 20 # Tween 40 # Tween 60 # Tween 80,agar # adenine # alginic acids # casein # crystalline cellulose # chitin # elastin # pectin # hypoxanthine # l-tyrosine # xanthine # any carbohydrate in the API 50CH system # egg yolk [Does not degrade egg yolk but a clear zone is formed around colonies.] # citrate # yeast extract[Does not require yeast extract for growth],nitrate,,glycerol # d-arabinose # l-arabinose # d-ribose # d-xylose # methyl beta-d-xylopyranoside # d-galactose # d-glucose # d-fructose # d-mannose # l-rhamnose # d-mannitol # methyl alpha-d-mannopyranoside # methyl alpha-d-glucopyranoside # amygdalin # arbutin # aesculin ferric citrate # salicin # cellobiose # maltose # lactose # melibiose # sucrose # trehalose # inulin # melezitose # raffinose # starch # glycogen # gentiobiose # turanose,glucose # erythritol # L-xylose # D-adonitol # L-sorbose # dulcitol # inositol # D-sorbitol # N-acetylglucosamine # xylitol # D-lyxose # D-tagatose # D-fucose # L-fucose # D-arabitol # L-arabitol # potassium gluconate # potassium 2-ketogluconate # potassium 5-ketogluconate
Bacteroides caccae,JOHNsL.sJOHNSONsW.sE.sC.sMOOREsANDsLILLIANsV.sH.sMOORE1986_GENUS_Bacteroidessunspecified_SPECIES_caccaesunspecified.xml,,Bacteroides,caccae,ATCC 43185,40|mol%,,,,,2.5-12|μm,1.4-1.6|μm,singly#pairs,,,vacuolated #beaded,,,,,,,,,,,,,,,,convex#circular,entire,smooth#shiny#translucent,gray,succinate# acetate#propionate #isovalerate#hydrogen gas,,,,,,pyruvate,lactate # threonine,,,peptone#yeast extract#glucose,
Bacteroides cellulosilyticus,"Céline Robert, Christophe Chassard, Paul A. Lawson and Annick Bernalier-Donadille2007_genus_Bacteroides_species_cellulosilyticus_strain_number_CRE21.xml",,Bacteroides,cellulosilyticus,CRE21,41.1|mol%,rods,non-motile,,,1.7|μm,0.9|μm,,gram-negative,,no||heat-resistant endospores,strictly|anaerobic,,,,,,,6.5,6.8,7.2,30|°C,37|°C,39|°C,,,circular,entire margins,translucent,slightly brown#white,acetate # propionate # succinate,,,,,,lactose # raffinose # arabinose # cellobiose # aesculin # xylan # salicin,trehalose # mannitol # inositol # sorbitol # fucose#Rumen fluid,,,glucose # sucrose # fructose # maltose # xylose # galactose # ribose # melibiose # mannose # lactulose # galacturonic acids # pectin # starch # cellulose,
Bacteroides coprophilus,"Hidenori Hayashi1,†, Kensaku Shibata1,2, Mohammad Abdul Bakir1, Mitsuo Sakamoto1, Shinichi Tomita2 and Yoshimi Benno12007_genus_Bacteroides_species_coprophilus_strain_number_CB42.xml",,Bacteroides,coprophilus,CB42,44.7|mol%,short|rods # rods,,,,,,,gram-negative,,non-spore-forming,anaerobic,,,,,,,,,,,,,,,convex#circular,,translucent,dark grey,acid#succinic acid# acetic acid# isovaleric acid# propionic acid# pyruvic acid,,,,,,,aesculin # gelatin,,Nitrate,d-glucose # lactose # maltose # d-mannose # d-raffinose # sucrose,
Bacteroides forsythus,"A. C. R. TANNER,l_ M_ A. LISTGARTEN,_J. L. EBERSOLE,l AND M. N. STRZEMPKO1986_genus_Bacteroides_species_forsythus_strain_number_FDC 338.xml",,Bacteroides,forsythus,FDC 338,46|mol%,"filaments#spheres#fusiform, pointed ends[fusiform with pointed ends]#central swellings",nonmotile,,0.30-0.50|µm # 3|µm,1.0-30.0|μm,,,gram negative,no flagella,central swellings,strict|anaerobes,,,,,,,,,,,,,,,,,,pale pink # speckled,,,,,,,glucose # sodium acetate # sodium sulfite # sodium succinate # gelatin # Esculin,,,,,
Bacteroides merdae,JOHNsL.sJOHNSONsW.sE.sC.sMOOREsANDsLILLIANsV.sH.sMOORE1986_GENUS_Bacteroidessunspecified_SPECIES_merdaesunspecified.xml,,Bacteroides,merdae,ATCC 43184,44|mol%,,,,,3.1-12.0|μm,1.6|μm,pairs#singly#short chains,,,,,,,,,,,,,,,37|°C,,,,convex#slightly irregular#circular,entire,smooth#shiny,white,succinate # acetate # propionate # isobutyrate # isovalerate,hydrogen sulfide [The type strain reduces neutral red and resazurin and produces hydrogen sulfide after incubation for 5 days] # variable for trace amounts of H2,,,,slightly hemolyzed,peptone-yeast extract,lactate # threonine # gluconate,,,glucose # peptone # yeast extract ,
Bacteroides paurosaccharolyticus,"Atsuko Ueki, Kunihiro Abe, Yoshimi Ohtaki, Nobuo Kaku, Kazuya Watanabe and Katsuji Ueki2010_genus_Bacteroides_species_paurosaccharolyticus_strain_number_WK042.xml",,Bacteroides,paurosaccharolyticus,WK042,41|mol%,rods,non-motile,,,1.3-5.0|μm,0.7-0.8|μm,,gram-staining-negative,,non-spore-forming,strictly|anaerobic,,"haemin # cobalamin [Haemin stimulates growth considerably, and cobalamin (vitamin B 12) enhances growth slightly.]",,0|%|NaCl,0|%|NaCl,2|%|NaCl,,7.7,,10|°C,35|°C,40|°C,,,thin,,smooth surface#translucent,,acetate # propionate # succinate,,,,,,Haemin # cobalamin # arabinose # xylose # glucose # mannose # aesculin # maltose # dextrin # glycogen # starch # pectin # rhamnose # pyruvate # aesculin,ribose # fructose # galactose # sorbose # cellobiose # lactose # melibiose # sucrose # trehalose # melezitose # raffinose # CM-cellulose # cellulose powder # gelatin # xylan # inulin # amygdalin # salicin # glycerol # dulcitol # inositol # mannitol # sorbitol # ethanol # fumarate # lactate # malate # succinate # urease # gelatin,,nitrate,saccharides,
Bacteroides propionicifaciens,"Atsuko Ueki, Kunihiro Abe, Nobuo Kaku, Kazuya Watanabe and Katsuji Ueki2008_genus_Bacteroides_species_propionicifaciens_strain_number_SV434.xml",,Bacteroides,propionicifaciens,SV434,46.2-47.5|mol%,"long, filamentous|rods#rods",non-motile,,,1.3-2.1|μm,0.7-0.8|μm,,gram-negative,,non-spore-forming,,,haemin # cobalamin [Remarkable stimulation of growth is produced by the addition of haemin and cobalamin] ,,0|%|NaCl,1|%|NaCl,4|%|NaCl,,7.9,,5|°C,30|°C,35|°C,,,,,,,acetate # propionate # succinate # lactate [Lactate is also produced in the absence of haemin.],,,,,,arabinose # fructose # galactose # glucose # mannose # cellobiose # maltose # glycogen # starch # dextrin # amygdalin # lactate # pyruvate # lactose # aesculin # fumarate,ribose # xylose # rhamnose # sorbose # melibiose # sucrose # trehalose # melezitose # raffinose # CM-cellulose # cellulose powder # filter paper # xylan # pectin # inulin # salicin # glycerol # dulcitol # inositol # mannitol # sorbitol # ethanol # malate # succinate # gelatin,,nitrate,,
Bacteroides salivosus,"Daria N. Love1, J. L. Johnson2,_, R. F. Jones1 and Anne Calverley1987_genus_Bacteroides_species_salivosus_strain_number_NCTC 11632.xml",,Bacteroides,salivosus,NCTC 11632,42-44|mol%,coccoid # rods # filaments,nonmotile,,,0.8-1.5|μm,0.3-0.6|μm,singly#in groups,gram-negative,,nonsporeforming,obligately|anaerobic,,Vitamin K # hemin,,,,,,,,,,,penicillin # amoxycillin # carbenicillin # erythromycin,,circular#dome shaped,entire,opaque,brown-black#orange fluorescence,acetic acid# butyric acid# isobutyric acid# isovaleric acid# phenylacetic,phenylacetic acid,,abscesses#empyemas#soft-tissue infections,,neither agglutinate sheep erythrocytes,gelatin,urea # esculin,,Nitrate,cooked-meat carbohydrate,"adonitol # cellobiose # fructose # glucose # glycogen # inositol # lactose # maltose # mannitol # rhamnose # salicin # starch # sucrose # trehalose # xylose # lactate # pyruvate [Neither lactate nor pyruvate is utilized, and threonine is not converted to propionate.]"
Bacteroides stercoris,JOHNsL.sJOHNSONsW.sE.sC.sMOOREsANDsLILLIANsV.sH.sMOORE1986_GENUS_Bacteroidessunspecified_SPECIES_stercorissunspecified.xml,,Bacteroides,stercoris,ATCC 43183,46|mol%,,,,,2.4-12.6|μm,1.6|μm,singly # pairs,,,vacuolated cells[sometimes vacuolated cells],,,,,,,,,,,,37|°C,,,,convex#circular,entire,shiny#translucent#transparent#smooth,,succinic acid# acetate # formate # propionate # isobutyrate # isovalerate,,,,,beta-hemolytic,,,,,glucose # peptone # yeast extract # pyruvate,lactate # threonine # gluconate
Bacteroides xylanisolvens,"Christophe Chassard1, Eve Delmas1, Paul A. Lawson2 and Annick Bernalier-Donadille2008_genus_Bacteroides_species_xylanisolvens_strain_number_XB1A.xml",,Bacteroides,xylanisolvens,XB1A,42.8|mol%,rods,non-motile,,,1.8-2.5|μm,0.2-0.3|μm,,gram-negative,,no||heat-resistant endospores,strictly|anaerobic,,,,,,,6.0,6.8,7.2,25|°C,38|°C,42|°C,,,,,,,,,,,,,"arabinoxylan # pectin # galacturonic acid # aesculin # xylan [Poor growth is exhibited with arabinoxylan, pectin and galacturonic acid.][Metabolizes xylan to acetate, propionate and succinate.] ",starch # cellulose # urease # gelatin,,nitrate,glucose # mannitol # lactose # sucrose # maltose # salicin # xylose # arabinose # glycerol # cellobiose # mannose # melezitose # raffinose # sorbitol # rhamnose # trehalose # fructose # ribose # galactose # melibiose ,
Balneola,"Laurent Urios, Helene Agogue, Francoise Lesongeur, Erko Stackebrandt, Philippe Lebaron2006_genus_Balneola.xml",,Balneola,,,,rod,motile,,,,,,gram-negative,,,aerobic,,,,,,,,8,,,30|°C,,,,,,,,,,,,,,,,,,,
Balneola vulgaris,"Laurent Urios, Helene Agogue, Francoise Lesongeur, Erko Stackebrandt, Philippe Lebaron2006_genus_Balneola_species_vulgaris.xml",,Balneola,vulgaris,13IX/A01/164,42|mol%,,,,,,,,,,,,,,,0|g/L|salt,20|g/L|salt,50|g/L|salt,5.0,8,10.0,10|°C,30|°C,40|°C,,,,,,orange,,,,,,,N-acetylgalactosamine # adonitol # arabinose # arabitol # erythritol # fructose # fucose # glucose # lactulose # maltose # methyl glucoside # sorbitol # acetate # hydroxyphenylacetate # propionate,,,,,
Bizionia gelidisalsuginis,John P. Bowman and David S. Nichols2002_genus_Bizionia_species_gelidisalsuginis_strain_number_IC164.xml,,Bizionia,gelidisalsuginis,IC164,39|mol%,rod-like,,not||flexirubin pigments,,1.5-3.5|μm,0.4-0.5|μm,,,,,,,,Requires Na+ ions,0.2|M|NaCl,1.0|M|NaCl,3.0|M|NaCl,,,,-2|°C,1-25|°C,,,,convex#circular,entire edge,butyrous consistency,golden-yellow,,,,,,,yeast extract # peptone # sodium acetate # sodium propionate # l-alanine # l-histidine # gelatin # casein # l-tyrosine,elastin # Tween 80 # starch # aesculin # DNA # urea,,nitrate # sodium nitrate # ammonium chloride,,carbohydrates on Leifson's O-F medium [Acid production from carbohydrates on Leifson's O-F medium is undetectable.] 
Bizionia myxarmorum,John P. Bowman and David S. Nichols2002_genus_Bizionia_species_myxarmorum_strain_number_ADA-4.xml,,Bizionia,myxarmorum,ADA-4,43|mol%,rod-like,,not||flexirubin pigments,,1.5-3.5|μm,0.3-0.5|μm,,,,,,,,Requires Na+ ions,0.2|M|NaCl,0.3-0.4|M|NaCl,2.0|M|NaCl,,,,-2|°C,1-25|°C,30|°C,,,convex#circular,entire edge,butyrous consistency,golden-yellow,,,,,,,yeast extract # peptone # sodium acetate # sodium valerate # l-alanine # l-histidine # l-proline # l-serine # gelatin # casein # Tween 80 # l-tyrosine # DNA # urea,elastin # starch # aesculin,,nitrate # sodium nitrate # ammonium chloride,,carbohydrates on Leifson's O-F medium [Acid production from carbohydrates on Leifson's O-F medium is undetectable.] 
Bizionia saleffrena,John P. Bowman and David S. Nichols2002_genus_Bizionia_species_saleffrena_strain_number_HFD.xml,,Bizionia,saleffrena,HFD,40|mol%,rod-like,,not||flexirubin pigments,,1.5-5|μm,0.4-0.5|μm,,,,,,,,Requires Na+ ions,0.2|M|NaCl,1.0|M|NaCl,3.0|M|NaCl,,,,-2|°C,1-25|°C,25|°C,,,convex#circular,entire edge,butyrous consistency,golden-yellow,,,,,,,yeast extract # peptone # gelatin # casein # elastin # Tween 80 # l-tyrosine # DNA,starch # aesculin # DNA,,nitrate # sodium nitrate # ammonium chloride,,carbohydrates on Leifson's O-F medium [Acid production from carbohydrates on Leifson's O-F medium is undetectable.] 
Butyricimonas,"Mitsuo Sakamoto1, Akiko Takagaki2, Kohei Matsumoto3, Yuko Kato3, Keiichi Goto3 and Yoshimi Benno2009_genus_Butyricimonas.xml",,Butyricimonas,,,,rod-shaped,non-motile,,,1.5|μm,1.0|μm,,gram-negative,,non-spore-forming,obligately|anaerobic,,,,,,,,,,,37|°C,,,,0.5–1.0 mm in diameter#circular# slightly convex,entire,smooth,opalescent to yellowish,butyric # isobutyric # acetic # propionic # succinic,hydrogen,,,,,,aesculin,,,,
Butyricimonas synergistica,"Mitsuo Sakamoto1, Akiko Takagaki2, Kohei Matsumoto3, Yuko Kato3, Keiichi Goto3 and Yoshimi Benno2009_genus_Butyricimonas_species_synergistica_strain_number_MT01.xml",,Butyricimonas,synergistica,MT01,46.4|mol%,,,,,,,,,,,,,,,,,,,,,,,,,,,,,,butyric # acetic # propionic # succinic # isobutyric,,,,,,gelatin,,,,glucose # d-mannose # mannose,l-arabinose # cellobiose # glycerol # lactose # maltose # d-mannitol # melezitose # raffinose # l-rhamnose # salicin # d-sorbitol # sucrose # trehalose # d-xylose
Butyricimonas virosa,"Mitsuo Sakamoto1, Akiko Takagaki2, Kohei Matsumoto3, Yuko Kato3, Keiichi Goto3 and Yoshimi Benno2009_genus_Butyricimonas_species_virosa_strain_number_MT12.xml",,Butyricimonas,virosa,MT12,46.5|mol%,,,,,,,,,,,,,,,,,,,,,,,,,,,,,,butyric # isobutyric # acetic # propionic # succinic,,,,,,,gelatin,,,glucose # glycerol,l-arabinose # cellobiose # lactose # maltose # d-mannitol # d-mannose # melezitose # raffinose # l-rhamnose # salicin # d-sorbitol # sucrose # trehalose # d-xylose
Campylobacter,"P. Vandamme1, L. Debruyne1, E. De Brandt1 and E. Falsen2009_genus_Campylobacter.xml",,Campylobacter,,,29-47|mol%,"slender, spirally curved, curved, straight|rods#spherical#coccoid",motile variable,not||pigments,,0.5-5|μm,0.2-0.8|μm,S-shaped or gullwinged when two cells form short chains,gram-negative,single# polar# unsheathed flagellum# multiple flagella,,microaerophilic#variable anaerobiosis,,,,,,,,,,>4|°C,35-37|°C,,,,,,,,acid,,Most species are pathogenic,,reproductive organs # intestinal tract # oral cavity,,amino acids # tricarboxylic acid cycle intermediates # variable|gelatin # variable|casein,carbohydrates # starch # tyrosine,variable|nitrate,,,carbohydrates
Campylobacter ureolyticus,"P. Vandamme1, L. Debruyne1, E. De Brandt1 and E. Falsen2009_genus_Campylobacter_species_ureolyticus_strain_number_LMG 6451.xml",,Campylobacter,ureolyticus,LMG 6451,28-30|mol%,filaments,twitching|motility # non-motile,not||pigment production,0.5|µm,1.5-4|μm,0.5|μm,filaments to 20μm,,"polar tufts of long pili, can be mistaken for flagella",," hydrogen-enriched microaerobic conditions # anaerobic,formate,fumarate[anaerobic growth with formate and fumarate]",,,,2|%|,,4|%|,,,,,30-37|°C,42|°C,cephalothin # nalidixic acid # carbenicillin # cefoperazone # 5-fluorouracil,,"pinpoint, spreading",,,translucent,succinate,,Pathogenicity is difficult to assess because strains are mostly recovered from mixed infections,,,Alpha-haemolysis variable,fumarate # formate ,"hippurate, variable casein",nitrate # nitrite,selenite,,
Capsularis zoogleiformans,"ELIZABETH P. CATO, R. W. KELLEY, W. E. C. MOORE, AND LILLIAN V. HOLDEMAN1982_genus_Capsularis_species_zoogleiformans_strain_number_ATCC 33285.xml",,Capsularis,zoogleiformans,ATCC 33285,47|mol%,"rods, rounded ends[rods with rounded ends]#straight#slightly curved",nonmotile,,,0.8-8.0|μm,0.4-0.8|μm,singly#pairs,gram-negative,viscous# glutinous mass,nonsporeforming#No internal structure ,strictly|anaerobic,,Hemin [Hemin was required for growth since this strain did not survive a third transfer into hemin-free medium.],,,,,,,,25|°C,30-37|°C,<|45|°C,chloramphenicol # clindamycin # erythromycin # penicillin G # tetracycline,,pulvinate#circular,entire,butyrous#smooth#shiny#opaque,buff colored,succinic acid# acetic acid# propionic acid# isovaleric acid # hydrogen gas [dependent on culture conditions] # acid curd [A solid acid curd formed in milk],ammonia # H2S [Strain ATCC 33285 produced ammonia in peptone-yeast extract broth cultures and H2S in SIM medium],,,,nonhemolytic,peptone # yeast extract # glucose # adonitol # amygdalin # dulcitol # erythritol # esculin # glycerol # inositol # melezitose # rhamnose # ribose # sorbitol # sorbose # trehalose # gum arabic # larch arabinogalactan # xylan # starch # gelatin,milk # meat [Neither milk nor meat was digested],,nitrate,"glucose # maltose # fructose # sucrose # lactose # galactose # arabinose # cellobiose # dextrin # glycogen # inulin # mannose # pectin # raffinose # salicin # starch # xylose # melibiose # milk [A solid acid curd formed in milk][In addition, we found that arabinose, cellobiose, dextrin, glycogen, inulin, mannose, pectin, raffinose, salicin, starch, and xylose were fermented strongly and that melibiose was fermented weakly.] ",adonitol # amygdalin # dulcitol # erythritol # esculin # glycerol # inositol # melezitose # rhamnose # ribose # sorbitol # sorbose # trehalose # gum arabic # larch arabinogalactan # xylan # mannitol # pyruvate
Coenonia anatina,"P. Vandamme,' M. Vancanneyt,' P. Segers,' M. RYII,~B. Kahler,4 W. Ludwig5and K.-H. Hinz1999_genus_Coenonia_species_anatina_strain_LMG 14382.xml",,Coenonia,anatina,LMG 14382,35|mol%,rods#spherically|swollen#spindle#lemon-shaped,non-motile,non-pigmented,,1.25-2.5|μm,0.2-0.4|μm,short chains,gram-negative,,non-spore-forming,microaerobic,,,,,,,,,,,37|°C,,,,flat-convex#circular,entire,smooth,non-pigmented to whitish,acid,acetylmethylcarbinol,pathogenic role,septicaemia,respiratory tract,Non-haemolytic,aesculin,citrate # malonate ,,nitrate,D-glucose # D-fructose # maltose # D-mannose # lactose # D-galactose # N-acetyl glucosamine # lactulose # dextrin # glucose, trehalose # adonitol # L-arabinose # dulcitol # myo-inositol # D-mannitol # D-sorbitol # saccharose # salicin # sorbose # D-xylose #  L-arabitol # galacturonate # 5-keto-gulconate # mannitol # D-arabitol # trehalose # rhamnose # inositol # maltose # palatinose # saccharose # cellobiose # sorbitol
Dialister,LILLIAN V. H. MOORE_ AND W. E. C. MOORE1994_genus_Dialister.xml,,Dialister,,,,minute|bacilli,nonmotile,,,,,,gram-negative,,nonsporing,obligately|anaerobic # nonfermentative,,,,,,,,,,,,,,,,,,,,,,,,,,,,,,
Dialister pneumosintes,LILLIAN V. H. MOORE_ AND W. E. C. MOORE1994_genus_Dialister_species_pneumosintes_strain_number_ATCC 33048.xml,,Dialister,pneumosintes,ATCC 33048,undetermined,bacilli,,,,,,,gram-negative,,nonsporing,anaerobic,,,,,,,,,,,,,,,,,,,acetate # propionate # lactate # succinate,,,,,,,,,,,
Elizabethkingia,"Kwang Kyu Kim, Myung Kyum Kim, Ju Hyoung Lim, Hye Yoon Park and Sung-Taik Lee2005_genus_Elizabethkingia.xml",,Elizabethkingia,,,35.0-38.2|mol%,rods,non-motile,non-pigmented,,1-2.5|μm,0.5|μm,,gram-negative,,non-spore-forming,,,,,,,,,,,>5°C,28-37|°C,<42|°C,,,circular,entire,"semi-translucent, shiny",white-yellow# non-pigmented,acid,,,,,,Casein # aesculin # gelatin # 2-naphthyl phosphate (pH 8·5) # 2-naphthyl caprylate # L-leucyl-2-naphthylamide # L-valyl-2-naphthylamide # N-benzoyl-DL-arginine-2-naphthylamide # 2-naphthyl phosphate (pH 5·4) # naphthol-AS-BI-phosphate # 2-naphthyl α-D-glucopyranoside # 1-naphthyl-n-acetyl-β-D-glucosaminide,starch # Malonate # 2-naphthyl myristate # naphthol-AS-BI-β-D-glucuronide # 6-bromo-2-naphthyl-β-D-glucopyranoside # 6-bromo-2-naphthyl-α-D-mannopyranoside,,nitrate,D-fructose # D-glucose # lactose # D-maltose # D-mannitol # trehalose,L-arabinose # D-cellobiose # raffinose # sucrose # salicin # D-xylose
Elizabethkingia anophelis,"Peter Kämpfer, Holly Matthews2, Stefanie P. Glaeser3, Karin Martin4, Nicole Lodders1 and Ingrid Faye2011_genus_Elizabethkingia_species_anophelis_strain_number_R26.xml",,Elizabethkingia,anophelis,R26,,rods,non-motile,not||flexirubin-type pigment,,2|μm,1|μm,,gram-reaction-negative,,non-spore-forming,aerobic,,,,,,,,,,10|°C,30-31|°C # 37|°C,37|°C,,ampicillin # kanamycin # streptomycin # chloramphenicol # tetracycline,circular,entire,translucent #shiny# smooth,yellowish,acid,not||hydrogen sulphide,,,,,Aesculin # p-nitrophenyl # (pNP)-β- d-glucopyranoside # pNP-β- d-galactopyranoside # pNP-α- d-glucopyranoside # bis-pNP-phosphate # bis-pNP-phenyl-phosphonate # bis-pNP-phosphoryl-choline # 2-deoxythymidine-2′-pNP-phosphate # l-alanine- p-nitroanilide (pNA) # γ- l-glutamate-pNA # l-proline-pNA,"casein # gelatin # starch # DNA # tyrosine # malonate #  N-acetyl- d-galactosamine # N-acetyl- d-glucosamine # l-arabinose # l-arbutin # cellobiose # d-fructose # d-glucose # maltose # d-galactose # gluconate # glycerol # d-mannose # d-mannitol # maltitol # α-melibiose # l-rhamnose # d-ribose # sucrose # salicin # trehalose # d-xylose # adonitol # inositol # d-sorbitol # putrescine # acetate # propionate # cis-aconitate # trans-aconitate # 4-aminobutyrate # adipate # azelate # fumarate # glutarate # dl-3-hydroxybutyrate # itaconate # dl-lactate, 2-oxoglutarate # pyruvate # suberate # citrate # mesaconate # l-alanine # β-alanine # l-ornithine # l-phenylalanine # l-serine # l-aspartate # l-histidine # l-leucine # l-proline # l-tryptophan # 3-hydroxybenzoate # 4-hydroxybenzoate # phenylacetate #  pNP-β- d-xylopyranoside # pNP-β- d-glucuronide",,,d-glucose # lactose # d-mannitol # maltose # l-rhamnose # sucrose # trehalose # cellobiose,adonitol # l-arabinose # d-arabitol # dulcitol # erythritol # i-inositol # melibiose # methyl alpha-d-glucoside # raffinose # salicin # d-sorbitol # d-xylose
Elizabethkingia meningoseptica,"Kwang Kyu Kim, Myung Kyum Kim, Ju Hyoung Lim, Hye Yoon Park and Sung-Taik Lee2005_genus_Elizabethkingia_species_meningoseptica_strain_ATCC 13253.xml",,Elizabethkingia,meningoseptica,ATCC 13253,37.1|mol%,rods,non-motile,,,1.0-2.0μm,0.5|μm,,gram-negative,,non-spore-forming,,,,,,,,,,,,,,,,,,,,acid,,,,,,2-naphthylphosphate (pH 8.5) # 2-naphthyl caprylate # L-leucyl-2-naphthylamide # L-valyl-2-naphthylamide # N-benzoyl-DLarginine-2-naphthylamide # 2-naphthyl phosphate (pH 5.4) # naphthol-AS-BI-phosphate # 2-naphthyl-α-D-glucopyranoside # 1-naphthyl-N-acetyl-β-D-glucosaminide,2-naphthyl butyrate # 2-naphthyl myristate # naphthol-AS-BI-β-D-glucuronide # 6-bromo-2-naphthyl-β-D-glucopyranoside # 6-bromo-2-naphthyl-α-D-mannopyranoside # urea,,,D-fructose # ethanol # D-glucose # glycerol # lactose # D-maltose # D-mannitol # trehalose,L-arabinose # D-cellobiose # raffinose # sucrose # salicin # D-xylose
Flaviramulus,Jørn Einen and Lise Øvreås2006_genus_Flaviramulus.xml,,Flaviramulus,,,,rods#pleomorphic#branched# curled #spheroblasts,motile,yellow # orange carotenoids # not||Flexirubin-type,0.15-1|μm,1-3|μm# 1-30|μm,0.2-0.3|μm,,gram-negative,,,obligately|aerobic,,,,,,,,,,,,,,,,,,,,,,,,,,,,,,
Flaviramulus basaltis,Jørn Einen and Lise Øvreås2006_genus_Flaviramulus_species_basaltis_strain_H35.xml,,Flaviramulus,basaltis,H35,31.4±0.6|mol%,,,,,,,,,,,,,thiamine#amino acids,requires seawater,3|g/L|sea salt,24-60|g/L|sea salts,60|g/L|sea salt,6.5,6.5-8.2,8.6,-2|°C,17.5-22.8|°C,34|°C,,,circular#convex,entire,shiny,dark yellow,acid,H2S,,,,,yeast extract # amino acids # organic acids # L-tyrosine # aesculin # carrageenan # gelatin # starch # DNA # urea # Tween 20 # Tween 40 # Tween 80 #cysteine [Produces H 2S from cysteine.] ,agar # cellulose # chitin,,,,
Fluviicola,"Louise A. O'Sullivan1, Joachim Rinna2, Gavin Humphreys1, Andrew J. Weightman1 and John C. Fry2005_genus_Fluviicola.xml",,Fluviicola,,,,rod-shaped # long|filaments#rarer,non-flagellated # gliding|motile,flexirubins,,,,,gram-negative,Non-flagellated,,strictly|aerobic,,,not Na+ ions [do not grow in the presence of Na + ions],,,,,,,,,,,,,,,yellow–orange,,,,,,,carbohydrates,,,,,
Fluviicola taffensis,"Louise A. O'Sullivan1, Joachim Rinna2, Gavin Humphreys1, Andrew J. Weightman1 and John C. Fry2005_genus_Fluviicola_species_taffensis_strain_number_RW262.xml",,Fluviicola,taffensis,RW262,37.2|mol%,longer|filaments#rarer,,,,1.5-5.7|μm # up to|51|μm,0.4-0.5|μm,,,,,,,,,,,,,,,4|°C,20|°C,25|°C,penicillin G # ampicillin # rifampicin # tetracycline,chloramphenicol # kanamycin # streptomycin ,circular# flat,,transparent#shiny,yellow–orange# creamy,,,,,,,DNA # gelatin,agar # arginine # aesculin # starch # glucose # arabinose # mannose # mannitol # n-acetylglucosamine # maltose # gluconate # caprate # adipate # malate # citrate # phenyl acetate,,nitrate # nitrite,,glucose
Formosa,"Elena P. Ivanova1,2,     Yulia V. Alexeeva1,     Sébastien Flavier3,     Jonathan P. Wright1,     Natalia V. Zhukova4,     Natalia M. Gorshkova2,     Valery V. Mikhailov2,     Dan V. N.xml",,Formosa,,,,irregular sides#pointed ends#rod-shaped,,,,0.8-1.8|μm,0.4-0.9|μm,,gram-negative,,not||endospores#not||poly-β-hydroxybutyrate ,aerobic # anaerobic [anaerobic by fermentation],,,,,,,,,,,,,,,,,,,,,,,,,,,nitrate,,,
Gelidibacter gilvus,John P. Bowman and David S. Nichols2002_genus_Gelidibacter_species_gilvus_strain_number_IC158.xml,,Gelidibacter,gilvus,IC158,39|mol%,large|coccoid # rod-shaped,Motile by gliding,not||flexirubin pigments,2-3|μm,2-8|μm,0.4-0.6|μm,,gram-negative,,,,,,halophilic,0.1|M|NaCl,0.3-0.4|M|NaCl,1.5|M|NaCl,,,,-2|°C,1-25|°C,<|30|°C,,,convex#circular,thin spreading margin,viscid consistency,yellow,acid,,,,,,yeast extract # pepton # d-glucose # glycogen # N-acetyl-d-glucosamine # dl-arabinose # maltose # sucrose # sodium acetate # sodium propionate # l-proline # Tween 80 # aesculin,gelatin # casein # elastin # l-tyrosine # starch # DNA # urea,,nitrate # sodium nitrate # ammonium chloride,d-glucose # l-arabinose # d-mannose # d-galactose # d-fructose # d-rhamnose # d-xylose # d-mannitol # sucrose # lactose # cellobiose # trehalose # maltose # d-melibiose # inositol # glycerol,melezitose # raffinose # dextran # adonitol # d-sorbitol
Gelidibacter salicanalis,John P. Bowman and David S. Nichols2002_genus_Gelidibacter_species_salicanalis_strain_number_IC162.xml,,Gelidibacter,salicanalis,IC162,42|mol%,filamentous # rod-shaped # small coccoid bodies,Motile by gliding,not||flexirubin pigments,1-1.5|μm,2-15|μm,0.4-0.6|μm,,gram-negative,,,,,,non-halophilic,0|M|NaCl,0.3-0.4|M|NaCl,2.5|M|NaCl,,,,-2|°C,1-25|°C,<|30|°C,,,convex#circular,entire edge,butyrous consistency,golden yellow,acid,,,,,,d-glucose # glycogen # N-acetyl-d-glucosamine # maltose # l-proline # l-serine # gelatin # casein # l-tyrosine # aesculin # urea,elastin # starch # Tween80 # DNA,sodium nitrate # ammonium chloride,nitrate,d-glucose # l-arabinose # d-mannose # d-galactose # lactose # cellobiose # sucrose # trehalose,
Gillisia hiemivivida,John P. Bowman and David S. Nichols2002_genus_Gillisia_species_hiemivivida_strain_number_IC154.xml,,Gillisia,hiemivivida,IC154,34|mol%,rod-shaped,non-motile,not||flexirubin pigments,,1-7|μm,0.4-0.6|μm,,gram-negative,,,,,,requires sea salts [requires sea salts for growth # media supplemented only with Na+ ions do not support growth],0.2|M|NaCl,0.3-0.5|M|NaCl,1.5|M|NaCl,,,,-2|°C,1-25|°C,<|30|°C,,,convex#circular,entire edge,butyrous consistency,light orange,,,,,,,d-glucose # glycogen # N-acetylglucosamine # dl-arabinose # d-mannose # maltose # sucrose # sodium propionate # l-alanine # l-proline # gelatin # starch # Tween 80 # l-tyrosine # urea,casein # elastin # aesculin # DNA,sodium nitrate # ammonium chloride,nitrate,,d-glucose
Gillisia illustrilutea,John P. Bowman and David S. Nichols2002_genus_Gillisia_species_illustrilutea_strain_number_IC157.xml,,Gillisia,illustrilutea,IC157,32|mol%,rod-shaped,non-motile,not||flexirubin pigments,,1-10|μm,0.3-0.5|μm,,gram-negative,,,,,,"non-halophilic [Non-halophilic. Grows in 0–1·25 M NaCl, with optimal growth occurring in approximately 0·2–0·3 M NaCl. ]",0|M|NaCl,0.2-0.3|M|NaCl,1.25|M|NaCl,,,,-2|°C,1-25|°C,<|30|°C,,,convex#circular,entire edge,butyrous consistency,bright yellow,,,,,,,d-glucose # d-mannose # maltose # sucrose # sodium propionate # l-proline # DNA,casein # elastin # l-tyrosine # aesculin # starch # Tween 80 # urea,sodium nitrate # ammonium chloride,nitrate,,d-glucose
Kordia ,AhyoungsChoi1sHyun-MyungsOh1sSeung-JosYang1sJang-CheonsCho2011_GENUS_Kordiasunspecified.xml,,Kordia,,,34-37|mol%,,,,,,,,,,,obligately|aerobic # facultatively|anaerobic,,,Requires NaCl,0.5|%|NaCl,,7.5|%|NaCl,,,,,,,,,,,,,,,,,,,elastin,DNA,,,,
Kordia algicida,"Jae Hak Sohn, Jung-Hyun Lee, Hana Yi, Jongsik Chun, Kyung Sook Bae, Tae-Young Ahn and Sang-Jin Kim2004_genus_Kordia_species_algicida_strain_number_OT-1.xml",,Kordia,algicida,OT-1,,,,,,2-5|μm,0.3-0.5|μm,,,,no||resting stages,,Mg 2+ # Ca 2+,,"requires sea salts # requires Na+ # requires Ca2+ # requires Mg2+ [Requires sea salts (Na+, Ca2+ and Mg2+) for growth.]",">0|%|NaCl [Does not grow in ZoBell 2216e broth with 0 or 6% NaCl, nor at pH 5.]",3|%|NaCl,"<6|%|NaCl [Does not grow in ZoBell 2216e broth with 0 or 6% NaCl, nor at pH 5.]",>5,7-8,,,30|°C,,,,round#slightly convex,entire,,yellowish,,,,,,,α-Cyclodextrin # dextrin # glycogen # N-acetyl-d-glucosamine # adonitol # i-erythritol # gentiobiose # α-d-glucose # maltose # d-mannitol # d-mannose # d-raffinose # sucrose # citric acid # d-glucuronic acid # α-ktoglutaric acid # dl-lactic acid # quinic acid # succinic acid # alaninamide # l-asparatic acid # l-glutamic acid # glycyl l-aspartic acid # glycyl l-glutamic acid # l-ornithine # l-proline # l-threonine # dl-carnitine # uridine # glucose 1-phosphate # glucose 6-phosphate # gelatin # skimmed milk # starch,Tween 40 # Tween 80 # N-acetyl-d-galactosamine # l-arabinose # d-arabitol # cellobiose # d-fructose # l-fucose # d-galactose # m-inositol # α-d-lactose # lactulose # d-melibiose # methyl β-d-glucoside # d-psicose # l-rhamnose # d-sorbitol # d-trehalose # turanose # xylitol # methyl pyruvate # monomethyl succinate #acetic acid # cis-aconitic acid # formic acid # d-galactonic acid lactone # d-galacturonic acid # d-gluconic acid # d-glucosaminic acid # α-hydroxybutyric acid # β-hydroxybutyric acid # γ-hydroxybutyric acid # p-hydroxyphenylacetic acid # itaconic acid # α-ketobutyric acid # α-ketovaleric acid # malonic acid # propionic acid # d-saccharic acid # sebacic acid # bromosuccinic acid # succinamic acid # glucuronamide # d-alanine # l-alanine # l-alanylglycine # l-asparagine # l-histidine # hydroxy l-proline # l-leucine # l-phenylalanine # l-pyroglutamic acid # d-serine # l-serine # γ-aminobutyric acid # urocanic acid # inosine # thymidine # phenylethylamine # putrescine # 2-aminoethanol # 2-3-butanediol # glycerol # dl-α-glycerol phosphate # urea # cellulose # CM-cellulose # agar # chitin # alginate # pectin # inulin,nitrate,NH 4 # NO 3,,glucose
Kordia,"Jae Hak Sohn, Jung-Hyun Lee, Hana Yi, Jongsik Chun, Kyung Sook Bae, Tae-Young Ahn and Sang-Jin Kim2004_genus_Kordia.xml",,Kordia,,,34|mol%,rods,non-motile # non-gliding,carotenoid-type pigments # absent||flexirubin-type pigments,,,,,gram-negative,,,strictly|aerobic,Mg2+ # Ca2+,,requires Na+#requires NaCl,1|%|NaCl,3|%|NaCl,5|%|NaCl,,,,,,,,,,,,,,,,,,,gelatin # skimmed milk # starch,,,,,
Lacinutrix copepodicola,John P. Bowman and David S. Nichols2002_genus_Lacinutrix_species_copepodicola_strain_number_DJ3.xml,,Lacinutrix,copepodicola,DJ3,37|mol%,,,,,,,,,,,,,not||vitamins,requires Na+ ions,0.1|M|NaCl,0.3-0.4|M|NaCl,2.0|M|NaCl,,,,-2|°C,1-25|°C,<|30|°C,,,convex#circular,entire edge,butyrous consistency,golden-yellow,,,,,,,d-glucose # glycogen # d-mannose # maltose # sucrose # l-proline # gelatin # Tween 80 # l-tyrosine,casein # elastin # starch # aesculin # DNA # urea,sodium nitrate # ammonium chloride,nitrate,,carbohydrates on Leifson's O-F medium [Acid production from carbohydrates on Leifson's O-F medium is undetectable.] 
Leeuwenhoekiella blandensis,"Jarone Pinhassi, John P. Bowman, Olga I. Nedashkovskaya, Itziar Lekunberri, Laura Gomez-Consarnau and Carlos Pedrós-Alió2006_genus_Leeuwenhoekiella_species_blandensis_strain_number_ME.xml",,Leeuwenhoekiella,blandensis,MED 217,42.5|mol%,,,not||flexirubin-type pigments,0.4-0.7|µm,1.5-4|μm,,,,,,,,,,0|%|NaCl,2-4|%|NaCl,17|%|NaCl,,,,10|°C,28-30|°C,41|°C,tetracycline # doxycycline # chloramphenicol # erythromycin # lincomycin ,polymyxin B # gentamicin # kanamycin # benzylpenicillin # neomycin ,round,,shiny surface,yellow-pigmented,acid,,,,,,casein # gelatin # starch # Tween 20 # Tween 40 # Tween 80 # l-arabinose # d-lactose # d-mannose # sucrose,agar # DNA # urea # cellulose # CM-cellulose # filterpaper # chitin # inostiol # mannitol # sorbitol # malonate # citrate,,nitrate,d-glucose # dl-xylose # glycerol,l-arabinose # d-cellobiose # l-fucose # d-galactose # d-lactose # d-maltose # d-melibiose # l-raffinose # l-rhamnose # l-sorbose # sucrose # N-acetylglucosamine # adonitol # dulcitol # inositol # mannitol
Lutaonella,"A. B. Arun1, Wen-Ming Chen2, Wei-An Lai3, Jui-Hsing Chou3, Fo-Ting Shen3, P. D. Rekha1 and Chiu-Chung Young2009_genus_Lutaonella.xml",,Lutaonella,,,39.7|mol%,short rods,non-motile,,,,,,gram-staining-negative,,nonspore-forming#poly-β-hydroxybutyrate acid granules,strictly|aerobic,,,,,,,,,,,,,,,,,,,,poly-β-hydroxybutyrate,,,,,,,,,,
Lutaonella thermophila,"A. B. Arun1, Wen-Ming Chen2, Wei-An Lai3, Jui-Hsing Chou3, Fo-Ting Shen3, P. D. Rekha1 and Chiu-Chung Young2009_genus_Lutaonella_species_thermophila_strain_number_CC-MHSW-2.xml",,Lutaonella,thermophila,CC-MHSW-2,39.7|mol%,rods,,not||flexirubin-type pigments,,1.0-2.0|μm,0.4-0.5|μm,,,,,no anaerobic growth,,,requires sea water # requires sea salts,2|%|NaCl # 1|%|sea salts,3-5|%|NaCl,6|%|NaCl # 3|%|sea salts,6.0,8,9.0,25|°C,40-45|°C,55|°C,,,circular,regular edges,transparent#shiny,yellow,,,,,,,aesculin # casein # gelatin # glycogen # cellobiose # α-D-glucose # D-mannose # pyruvic acid methyl ester # succinic acid monomethyl ester # α-ketobutyric acid # α-ketoglutaric acid # α-ketovaleric acid # succinic acid # L-alaninamide # L-alanine # L-alanyl glycine # L-glutamic acid # glycyl L-glutamic acid # hydroxy-L-proline # L-leucine # L-proline,agar # starch # Tween 40,,nitrate,,d-glucose # d-mannitol # inositol # d-sorbitol # l-rhamnose # sucrose # melibiose # amygdalin # l-arabinose
Lutibacter litoralis,Dong H. Choi and Byung C. Cho2006_genus_Lutibacter_species_litoralis_strain_number_CL-TF09.xml,,Lutibacter,litoralis,CL-TF09,33.9|mol%,spherical cells,non-motile,"pigments, absorption, 450 and 475 nm [Absorption spectral peaks of the pigments are observed at 450 and 475 nm.] ",,1.0-5.7|μm,0.3-0.8|μm,,,,,,,,,1|%w/v|sea salts,,5|%w/v|sea salts,7.0,,8.0,5|°C,25-30|°C,30|°C,,,convex#circular,entire,opaque#shining,yellow,,,,,,,acetone # citrate # D-fructose # D-raffinose # D-salicin # D-sorbitol # glycine # glycogen # myo-inositol # L-arginine # L-lysine # L-ornithine # pyruvic acid # succinate # tartrate # urea # Casamino acids # L-leucine # peptone # tryptone # yeast extract,acetate # acetamide # α-ketobutyric acid # benzoate # DL-cysteine # D-cellobiose # D-galactose # D-glucose # D-mannitol # D-mannose # D-ribose # D-trehalose # D-xylose # ethanol # formic acid # glycerol # inulin # 2-propanol # lactose # L-arabinose # L-ascorbate # L-asparagine # L-rhamnose # maleic acid # N-acetylglucosamine # polyethylene glycol # salicylate # sucrose # thiamine # DL-aspartate # L-proline # L-glutamate # Tween 80,,nitrate,,glucose
Lutibacter,Dong H. Choi and Byung C. Cho2006_genus_Lutibacter.xml,,Lutibacter,,,,rod-shaped,,carotenoids # no||flexirubin-type pigments,,,,,gram-negative,,,aerobic,,,,,,,,,,,,,,,,,,,,,,,,,,,,,,
Maribacter antarcticus,"Gwang Il Zhang, Chung Yeon Hwang, Sung-Ho Kang and Byung Cheol Cho2009_genus_Maribacter_species_antarcticus_strain_number_CL-AP4.xml",,Maribacter,antarcticus,CL-AP4,37.1|mol%,rods,non-motile,,,1.5-3.0|μm,0.3-0.5|μm,,gram-negative,,not||poly-β-hydroxybutyrate granules,strictly|aerobic,,,requires sea salts,2|%w/v|sea salts,3-4|%w/v|sea salts,6|%w/v|sea salts,7.0,8,9.0,4|°C,10|°C,15|°C,,,convex#circular,,,dark orange,,,,,,,starch # Tween 40 # Tween 80 # aesculin,gelatin #  l-Arabinose # citrate # d-fructose # d-galactose # d-glucose # lactose # mannitol # d-mannose # sucrose ,,nitrate,,N-acetylglucosamine # adonitol # amygdalin # d-arabinose # l-arabinose # d-arabitol # l-arabitol # arbutin # cellobiose # dulcitol # erythritol # aesculin # fructose # d-fucose # l-fucose # d-galactose # gentiobiose # gluconate # d-glucose # glycerol # glycogen # inositol # inulin # 2-ketogluconate # 5-keogluconate # lactose # d-lyxose # maltose # mannitol # mannose # melezitose # melibiose # methyl α-d-mannoside # methyl α-d-glucoside # methyl β-d-xyloside # raffinose # rhamnose # ribose # salicin # sorbitol # sorbose # starch # sucrose # d-tagatose # trehalose # turanose # xylitol # d-xylose # l-xylose # glucose
Marinifilum fragile,"Hyunsoo Na, Seil Kim, Eun Young Moon and Jongsik Chun2009_genus_Marinifilum_species_fragile_strain_number_JC2469.xml",,Marinifilum,fragile,JC2469,,initially filamentous#spherical#filaments,,,,,0.5|μm,,,flagella-like structure[0.3–3.8 μm long flagella-like structure],,,,,requires sea salts ,1|%w/v|sea salts,3|%w/v|sea salts,7|%w/v|sea salts,6.0,7,8.0,20|°C,33|°C,37.4|°C,,,circular,erose edges,,brownish ivory#ivory,,,,,,,glycerol # galactose # glucose # N-acetylglucosamine # maltose # lactose # melibiose #starch,turanose # d-xylose # fructose # gentiobiose # glycogen # mannose # mannitol,nitrate,,,
Marinifilum,"Hyunsoo Na, Seil Kim, Eun Young Moon and Jongsik Chun2009_genus_Marinifilum.xml",,Marinifilum,,,45|mol%,filamentous,,,,,,,gram-negative,,,facultatively|anaerobic,,,moderately|halophilic,,,,,,,,,,,,,,,,acetate # propionate,,,,,,,,,,glucose # sugars,
Meridianimaribacter flavus,"Baojiang Wang†,     Fengqin Sun†,     Yaping Du,     Xiupian Liu,     Guangyu Li,Qiliang Lai, Jie Luo and Zongze Shao2011_genus_Meridianimaribacter_species_flavus_strain_number_NH57N.xml",,Meridianimaribacter,flavus,NH57N,32.7|mol%,,,,0.3-0.55|µm,1.15-2.3|μm,,,,surrounded by an unidentified extracellular compound,,,,,NaCl is essential,0.5|%|NaCl,0.5-2.0|%|NaCl,4|%|NaCl,6.5,7.8,8.5,9|°C,30-37|°C,37|°C,trimethoprim # ofloxacin # carbenicillin # cephradine # doxycycline hydrochloride# chloramphenicol # ciprofloxacin # cefoperazone # erythromycin # clindamycin # ceftriaxone # cephalexin # furazolidone # ampicillin # lincomycin # minocycline # norfloxacin # tetracycline # piperacillin # penicillin G # rifampicin # vancomycin,kanamycin # polymyxin B # cephazolin # metronidazole # streptomycin # oxacillin # gentamicin # neomycin,convex#circular,entire margins,moist#glistening#smooth,,acetoin,,,,,,gelatin # starch # Tween 40 # α-cyclodextrin # dextrin # N-acetyl-d-galactosamine # cellobiose # gentiobiose # α-d-glucose # myo-inositol # d-mannose # trehalose # acetic acid # γ-hydroxybutyric acid # α-ketovaleric acid # propionic acid # l-proline # lactulose # raffinose # sucrose # α-ketobutyric acid # dl-lactic acid,agar # casein # Tween 20 # Tween 80,,nitrate,,
Meridianimaribacter,"Baojiang Wang†,     Fengqin Sun†,     Yaping Du,     Xiupian Liu,     Guangyu Li,Qiliang Lai, Jie Luo and Zongze Shao2011_genus_Meridianimaribacter.xml",,Meridianimaribacter,,,,rod-shaped,motile by gliding,,,,,,gram-staining-negative,,non-spore-forming,strictly|aerobic,,,,,,,,,,,,,,,,,,yellow,,,,,,,,,,,,
Mesonia,Hye Soon Kang and Soon Dong Lee2009_genus_Mesonia.xml,,Mesonia,,,30.0-36.1|mol%,,,,,,,,,,,,,,,,,,,,,,,,,,,,,,,,,,,,,,,,,
Mesonia phycicola,Hye Soon Kang and Soon Dong Lee2009_genus_Mesonia_species_phycicola_strain_number_MDSW-25.xml,,Mesonia,phycicola,MDSW-25,30|mol%,rods,devoid|flagellar|motility # devoid|gliding|motility,not||flexirubin pigments,0.6-1.6|µm,2.1-2.5|μm,,,gram-reaction-negative,,,aerobic,,,,1|%|NaCl,,12|%|NaCl,6.1,7.1,9.1,10|°C,25-30|°C,30|°C,,,convex#circular,entire edges,,yellow,,,,,,,aesculin # gelatin # DNA,agar # CM-cellulose # chitin # starch # Tween 40 # Tween 80 # d-arabinose # d-mannose # d-mannitol # N-acetyl-d-glucosamine # maltose # gluconate # caprate # adipate # malate # citrate # phenylacetate # d-glucose,,nitrate,,d-glucose # maltose
Mitsuokella jalaludinii,GsQsLansYsWsHosNsAbdullah2002_GENUS_Mitsuokellasunspecified_SPECIES_jalaludiniisunspecified.xml,,Mitsuokella,jalaludinii,M 9,56.8|mol%,small#stout rods,non-motile,,,1.2-2.4|μm,0.6-0.8|μm,short chains#pairs#singly#irregular groups,gram-negative,,non-spore-forming,strictly|anaerobic,,,,,,<4.5|%|,,,,45|°C,42|°C,47|°C,,bacitracin # erythromycin # kanamycin # penicillin # neomycin ,convex#roughly circular,regular edges,smooth surfaces,greyish-white,lactic acid # succinic acid # acetic acid,,,,,,,gelatin # Tween 80,nitrate,,glucose # Glycerol # l-arabinose # ribose # d-xylose # galactose # fructose # d-mannose # inositol # sorbitol # arbutin # aesculin # salicin # cellobiose # maltose # lactose # melibiose # saccharose # trehalose # d-raffinose # amidon # d-turanose # d-arabitol # 5-keto-gluconate,Erythritol # d-arabinose # l-xylose # adonitol # methyl β-xyloside # l-sorbose # rhamnose # dulcitol # mannitol # methyl α-d-mannoside # methyl α-d-glucoside # N-acetylglucosamine # amygdalin # inulin # melezitose # glycogen # xylitol # β-gentiobiose # d-lyxose # d-tagatose # d-fucose # l-fucose # l-arabitol # gluconate # 2-ketogluconate
Muricauda lutaonensis,"A. B. Arun1, Wen-Ming Chen2, Wei-An Lai1, Jiu-Hsing Chao1, P. D. Rekha1, Fo-Ting Shen1, Satnam Singh1 and Chiu-Chung Young12009_genus_Muricauda_species_lutaonensis_strain_number_CC-HSB-11.xml",,Muricauda,lutaonensis,CC-HSB-11,46.4±1|mol%,rods,devoid|flagellar|motility # devoid|gliding|motility,not||flexirubin-type pigments,,8.0-15.0|μm,0.3-0.5|μm,,gram-staining-negative,appendages, non-spore-forming#vesicles#not||poly-β-hydroxybutyrate granules,strictly|aerobic#No anaerobic growth ,,,requires sea salts # requires seawater,2|%|NaCl,3-5|%|NaCl,6|%|NaCl,6.0,8,9.0,25|°C,37-45|°C,55|°C,ampicillin/sulbactam # ticarcillin # ticarcillin/clavulonic acid # piperacillin # piperacillin/tazobactam # ceftazidime # cefepime # imipenem # meropenem # ciprofloxacin,amikacin # gentamicin # tobramycin # cotrimoxazole # colistin,circular,regular# non-spreading edges,translucent#shiny,golden yellow,,,,,,,dextrin # cellobiose # D-fructose # gentiobiose # α-D-glucose # α-lactose # lactulose # maltose # D-mannose # melibiose # raffinose # sucrose # trehalose # turanose # pyruvic acid methyl ester # acetic acid # α-ketobutyric acid # succinic acid # L-glutamic acid # L-proline # L-threonine # inosine # α-D-glucose 1-phosphate # aesculin # mannose,,,nitrate,,D-glucose # D-xylose # L-arabinose # D-galactose # D-sorbitol # myo-inositol # D-ribose # D-mannitol # L-rhamnose
Muricauda,"Chung Y. Hwang1, Min H. Kim2, Gi D. Bae1, Gwang I. Zhang1, Young H. Kim2,3 and Byung C. Cho2009_genus_Muricauda.xml",,Muricauda,,,41-51|mol%,,,,,,,,,,,,,,,,,,,,,,,,,,,,,,,,,,,,,,,,,
Muricauda,"Alke Bruns,1 Manfred Rohde2 and Luise Berthe-Corti2001_genus_Muricauda.xml",,Muricauda,,,,rod-shaped,,,,,,,gram-negative,,,Facultatively|anaerobic,,,requires Seawater,,,,,,,,,,,,,,,,,,,,,,,,,,,
Muricauda olearia,"Chung Y. Hwang1, Min H. Kim2, Gi D. Bae1, Gwang I. Zhang1, Young H. Kim2,3 and Byung C. Cho2009_genus_Muricauda_species_olearia_strain_number_CL-SS4.xml",,Muricauda,olearia,CL-SS4,50.7|mol%,rods,non-motile,not||flexirubin-type pigments,,1.6-4.4|μm,0.3-0.4|μm,,Gram-staining-negative,some cells|Appendages,non-spore-forming,strictly|aerobic,,,requires sea salts,1|%w/v|sea salts,2-3|%w/v|sea salts,6|%w/v|sea salts,5.2,6.8-7.7,9.4,15|°C,25-30|°C,40|°C,ampicillin # cephalexin # gentamicin # kanamycin # mitomycin C # penicillin G # polymyxin B # streptomycin # vancomycin,chloramphenicol # erythromycin # nalidixic acid # tetracycline,convex#circular,,,yellow,acid,,,,,,Gelatin # tyrosine # Tween 20 # Tween 40 # Tween 60 # Tween 80 # L-Arginine # cellobiose # glucose # glutamate # lactose # pyruvate # raffinose # sucrose,casein # hypoxanthine # urea # xanthine # acetate # alanine # benzoate # citrate # ethanol # formate # fructose # mannitol # mannose # methanol # L-serine # succinate,,,D-fructose # D-glucose # D-mannose # raffinose # D-ribose # sucrose # trehalose # cellobiose # lactose,L-arabinose # D-galactose # myo-inositol # D-mannitol # D-xylose
Muricauda ruestringensis,"Alke Bruns,1 Manfred Rohde2 and Luise Berthe-Corti2001_genus_Muricauda_species_ruestringensis_strain_number_B1.xml",,Muricauda,ruestringensis,B1,41|mol%,rods,non-motile,no||flexirubin-type pigments,,1.1-2.7|μm,0.3-0.6|μm,,gram-negative,"long, relatively thick|appendages",,facultatively|anaerobic,,,requires seawater,0.5|%w/v|NaCl,3 |%w/v|NaCl,9.0 |%w/v|NaCl,,,,8|°C,20–30|°C,40|°C,,,circular,,,yellow-pigmented,,,,,,,peptone,starch # agar # crystalline cellulose # gelatin,,nitrate,,
Myroides pelagicus,Jaewoo2006_GENUS_Myroides_SPECIES_pelagicussunspecified.xml,,Myroides,pelagicus,SM1,33.6|mol%,"straight, short|rods",neither|gliding movement # no|swarming growth,,,0.5-1|μm,0.2-0.3|μm,single,gram-negative,lack flagella,,aerobic,,,not||required NaCl,,,<9.0 |%w/v|NaCl,5.0,,9.0,10|°C,,37|°C,,,convex#circular,,,yellow-to-orange,,,,,,,Gelatin # Glycogen # methyl pyruvate # monomethyl succinate # acetic acid # α-ketoglutaric acid # α-ketovaleric acid # dl-lactic acid # succinic acid # bromosuccinic acid # succinamic acid # l-alanine # l-alanyl glycine # l-asparagine # l-aspartic acid # l-glutamic acid # glycyl l-aspartic acid # glycyl l-glutamic acid # l-leucine # l-ornithine # l-proline # l-serine # l-threonine # inosine # uridine # thymidine # citrate,"cyclodextrin # dextrin # Tween 40 # Tween 80 # N-acetyl-d-glucosamine # N-acetyl-d-galactosamine # adonitol # l-arabinose # d-arabitol # cellobiose # i-erythritol # d-fructose # l-fucose # d-galactose # gentiobiose # α-d-glucose # myo-inositol # α-d-lactose # lactulose # maltose # d-mannitol # d-mannose # d-melibiose # methyl β-d-glucoside # d-psicose # d-raffinose # l-rhamnose # d-sorbitol # sucrose # d-trehalose # furanose # xylitol # cis-aconitic acid # citric acid # formic acid # d-galactonic acid lactone # d-galacturonic acid # d-gluconic acid # d-glucosaminic acid # d-glucuronic acid # α-hydroxybutyric acid # γ-hydroxybutyric acid # p-hydroxyphenylacetic acid # itaconic acid # α-ketobutyric acid # malonic acid # propionic acid # quinic acid # d-saccharic acid # sebacic acid # glucuronamide # alaninamide # d-alanine # l-histidine # hydroxyl-l-proline # l-phenylalanine # l-pyroglutamic acid # d-serine # dl-carnitine # γ-aminobutyric acid # urocanic acid # phenylethylamine # putrescine # 2-aminoethanol # 2,3-butanediol # glycerol # dl-α-glycerol phosphate # glucose 1-phosphate # d-glucose 6-phosphate",,nitrate # nitrite,,
Odoribacter laneus,FumikosNagai12sMasamisMorotomi12sYoheisWatanabe1sHiroshisSakon1sRyuichirosTanaka12010_GENUS_Odoribactersunspecified_SPECIES_laneussunspecified.xml,,Odoribacter,laneus,,42.4|mol%,pleomorphic rods,non-motile,,,1.4-19.1|μm,0.4-1.9|μm,,gram-negative,,,obligately|anaerobic,,,,,,,,,,,,,,,circular,,slightly opaque,grey-beige,succinic #  acetic # iso-valeric acids,,,,,clear haemolytic zone,gelatin,,,,,
Ornithobacterium,"P. VANDAMME, P. SEGERS, M. VANCANNEYT, K. VAN HOVE, R. MUTTERS, J. HOMMEZ, F. DEWHIRST, B. PASTER, K. KERSTERS, E. FALSEN, L. A. DEVRIESE, M. BISGAARD, K.-H. HINZ, W. MANNHEIM1994.xml",,Ornithobacterium,,,37-39|mol%,short|plump rods,nonmotile,not||pigmented,,,,,gram-negative,,non-sporulating,various atmospheric conditions,,,,,,,,,,30|°C,,42|°C,,,,,,,,,,,,,,,,,,
Petrimonas,"Agnès Grabowski1,2,     Brian J. Tindall3,     Véronique Bardin1,     Denis Blanchet1 and     Christian Jeanthon22005_genus_Petrimonas.xml",,Petrimonas,,,,straight|rods,,,,,,,gram-negative,,not||spores,strictly|anaerobic ,,,,,,,,,,,,,,,,,,,,,,,,,,,,,Carbohydrates # some organic acids,
Petrimonas sulfuriphila,"Agnès Grabowski1,2,     Brian J. Tindall3,     Véronique Bardin1,     Denis Blanchet1 and     Christian Jeanthon22005_genus_Petrimonas_species_sulfuriphila_strain_number_BN3T.xml",,Petrimonas,sulfuriphila,BN3T,40.8|mol%,,,,,1.5-2|μm,0.7-1|μm,singly#pairs,,,,,,,,0|%|NaCl,0|%|NaCl,4|%|NaCl,,7.2,,15|°C,37-40|°C,40|°C,,,,,,,Acetate # hydrogen # CO2,,,,,,yeast extract,,elemental sulfur # nitrate, ,Glucose # arabinose # galactose # maltose # mannose # rhamnose # lactose # ribose # fructose # sucrose # lactate # mannitol # glycerol # cellobiose,
Polaribacter ,JohnsJ.sGosinksCarlsR.sWoesesJamessT.sStaley1998_GENUS_Polaribactersunspecified.xml,,Polaribacter,,,31-33|mol%,rods#coccoid#may form coils,nonmotile,"not||flexirubins#orange-, salmon-or pink coloured pigments ",0.25-1.6|μm,2-48|μm,,,Gram-negative, variable|flagellated,Gas vesicles,Aerobic,,,,,,,,,,,,,,,,,,orange#salmon# pink ,acid,,,,,,,,,,carbohydrates,
Polaribacter filamentus,JohnsJ.sGosinksCarlsR.sWoesesJamessT.sStaley1998_GENUS_Polaribactersunspecified_SPECIES_filamentussunspecified.xml,,Polaribacter,filamentus,21 5,32±1|mol%,long rods # filaments,,,,1.6-32|μm,0.5-1.2|μm,,,,gas vesicles,,,,,,,,,,,4|°C,,19|°C,,,,,,orange#salmon,acid,,,,,,L-glutamate # glycerol # gelatin,,,,DLarabinose # rhamnose # D-galactose # D-glucose # mannose#glycerol,
Polaribacter franzmannii,JohnsJ.sGosinksCarlsR.sWoesesJamessT.sStaley1998_GENUS_Polaribactersunspecified_SPECIES_franzmanniisunspecified.xml,,Polaribacter,franzmannii,301,32±1|mol%,large rods,,,,4-16|μm,0.8-1.6|μm,,,,gas vesicles,,,,,,,,,,,4|°C,,10|°C,,,,,,dark orange coloured # light orange coloured,acid,,,,,,glycerol # N-acetyl-B-glucosamine # Aesculin # gelatin,,,,D-fructose # D-galactose # D-glucose # mannose # lactose # maltose # sucrose # trehalose,
Polaribacter irgensii,JohnsJ.sGosinksCarlsR.sWoesesJamessT.sStaley1998_GENUS_Polaribactersunspecified_SPECIES_irgensiisunspecified.xml,,Polaribacter,irgensii,23-P,31|mol%,"long, thin|rods # filaments # Coccoid bodies",never observed|motility,,,0.8-48|μm,0.25-0.5|μm,,,polar flagella,gas vacuolate[may be gas vacuolate],,,,,,,,,,,-1.5|°C,,12|°C,,,,,,orange coloured,acid,,,,,,DL-malate,,,,D-glactose # D-glucose # mannose # glycerol,
Prevotella albensis,"GORAZD AVGUSTIN,~ R. JOHN WALL ACE,^ AND HARRY J. FLINT1997_genus_Prevotella_species_albensis_strain_number_M384.xml",,Prevotella,albensis,M384,39-43|mol%,,,,,,,,,,,,,heme,,,,,,,,,,,,,,,,,,,,,,,,,,,xylose,melibiose # sucrose # D-mannose # N-acetylglucosamine # D-raffinose # inulin
Prevotella brevis,"GORAZD AVGUSTIN,~ R. JOHN WALL ACE,^ AND HARRY J. FLINT1997_genus_Prevotella_species_brevis_strain_number_GA33.xml",,Prevotella,brevis,GA33, 45-52|mol%,oval cell#coccoid,,,,,,,,,,,,,,,,,,,,,,,,,,,,,,,,,,,gum arabic,,,,N-acetylglucosamine,xylose # salicin # arbutin # rhamnose
Prevotella bryantii,"GORAZD AVGUSTIN,~ R. JOHN WALL ACE,^ AND HARRY J. FLINT1997_genus_Prevotella_species_bryantii_strain_number_DSM 11371.xml",,Prevotella,bryantii,DSM 11371, 39-43|mol%,,,,,,,,,,,,,,,,,,,,,,,,,,,,,,,,,,,,,,,,xylose # salicin # arbutin # rhamnose # inulin,N-acetylglucosamine
Prevotella copri,HidenorisHayashi13sKensakusShibata12sMitsuosSakamoto1sShinichisTomita2sYoshimisBenno12007_GENUS_Prevotellasunspecified_SPECIES_coprisunspecified.xml,,Prevotella,copri,CB7,44.2-45.9|mol%,rods,,,,,,,gram-negative,,non-spore-forming,anaerobic,,,,,,,,,,,37|°C,,,,convex#circular,,,white,succinic acid # acetic acid,,,,,,aesculin,gelatin # urea,,,glucose # lactose # sucrose # maltose # raffinose # salicin # xylose # l-arabinose # cellobiose # l-rhamnose,
Prevotella nanceiensis,"C. Alauzet, F. Mory, J.-P. Carlier, H. Marchandin, E. Jumas-Bilak and A. Lozniewski2007_genus_Prevotella_species_nanceiensis_strain_number_LBN 293.xml",,Prevotella,nanceiensis,LBN 293,39.4|mol%,coccoid # short rods,nonmotile,,,0.5-1.0|μm,0.4-0.5|μm,,gram-negative,,non-spore-forming,obligately|anaerobic,,,,,,,,,,,,,,,slightly convex#circular,entire,smooth,non-pigmented#white,acetic acid # lactic acid # succinic acid,,,,,β-haemolysis zone,aesculin,gelatin # urea,,nitrate,glucose # lactose # maltose # variable|mannose # variable|raffinose # sucrose # cellobiose is variable ,arabinose # glycerol # mannitol # melezitose # rhamnose # salicin # sorbitol # trehalose # xylan # xylose
Prevotella paludivivens,"Atsuko Ueki, Hiroshi Akasaka†, Atsuya Satoh‡, Daisuke Suzuki and Katsuji Ueki2007_genus_Prevotella_species_paludivivens_strain_number_KB7.xml",,Prevotella,paludivivens,KB7,39.2|mol%,short rods,non-motile,,,,,,gram-negative,,non-spore-forming,Strictly|anaerobic,,Haemin,,0|%w/v|NaCl,,1.0|%w/v|NaCl,,5.7-6.7,,10|°C,30|°C,40|°C,,,,,,,acetate # succinate # not gas,,,,,,arabinose # ribose # xylose # fructose # galactose # glucose # mannose # rhamnose # cellobiose # lactose # maltose # sucrose # CMC # soluble starch # xylan # pectin # salicin # Pyruvate # fumarate # aesculin,sorbose # trehalose # melezitose # cellulose powder # filter paper # inulin # glycerol # inositol # mannitol # lactate # malate # succinate # gelatin,,nitrate,,
Prevotella ruminicola,"GORAZD AVGUSTIN,~ R. JOHN WALL ACE,^ AND HARRY J. FLINT1997_genus_Prevotella_species_ruminicola_strain_number_ATCC 19189.xml",,Prevotella,ruminicola,ATCC 19189,45-52|mol%,,,,,,,,,,,,,heme,,,,,,,,,,,,,,,,,,,,,,,,,,,arbutin # salicin # D-raffinose # Dmannose # sucrose # melibiose,
Prevotella stercorea,HidenorisHayashi13sKensakusShibata12sMitsuosSakamoto1sShinichisTomita2sYoshimisBenno12007_GENUS_Prevotellasunspecified_SPECIES_stercoreasunspecified.xml,,Prevotella,stercorea,CB35,48.2|mol%,rods,,,,,,,gram-negative,,non-spore-forming,anaerobic,,,,,,,,,,,37|°C,,,,slightly convex#circular,entire,smooth#translucent,,acid#succinic # acetic acids # iso-valeric acid,,,,,,,aesculin # gelatin # urea,,,glucose # lactose # sucrose # maltose # mannose # raffinose,
Prolixibacter bellariivorans,"Dawn E. Holmes, Kelly P. Nevin, Trevor L. Woodard, Aaron D. Peacock and Derek R. Lovley2007_genus_Prolixibacter_species_bellariivorans_strain_number_F2.xml",,Prolixibacter,bellariivorans,F2,,,,,0.33|µm,10.5-12.5|μm,,,,,,"anaerobic conditions[Under anaerobic conditions, can ferment]# atmospheric oxygen",,,,,,,,7,,4|°C,22|°C,42|°C,,,,,,,,,,,,,"galactose[Growth is observed when atmospheric oxygen is provided as the electron acceptor, with galactose as the electron donor.]","acetate # acetoin # adonitol #alginate # arginine # benzoate #2,3-butanediol # butyrate # caproate # carrageenan # Casamino acids # casein # citrate # ethanol # ferulate # formate # fucose # fumarate # gallic acid # gelatin # glycerol # b-hydroxybutyrate # inulin # isobutyrate # lactate # malate # malonate # mannitol # methyl a-D-mannoside # nicotinate # polyethylene glycol # proline # propionate # pyrogallol # pyruvate # rhamnose # ribose # serine # sorbitol # sorbose # succinate # syringate # tryptone # valerate",atmospheric oxygen,nitrate # Fe(III)-pyrophosphate # Fe(III)-citrate # Fe(III)-oxide # Fe(III)-nitrilotriaceticacid # sulfate # thiosulfate[or a graphite electrode poised at +200 mV as an electron acceptor.] # hydrogen[with 0.1 mM acetate provided as a carbon source for growth],arbutin # cellobiose # aesculin # galactose # lactose # maltose # mannose # melezitose # melibiose # methyl d-glucoside # raffinose # salicin # starch # sucrose # trehalose # turanose # xylose # yeast extract,
Prolixibacter,"Dawn E. Holmes, Kelly P. Nevin, Trevor L. Woodard, Aaron D. Peacock and Derek R. Lovley2007_genus_Prolixibacter.xml",,Prolixibacter,,,,long # filamentous # curved rods,non-motile,,,,,single,gram-negative,not||pili # not||flagella,not||spores,facultative|anaerobes,,,,,,,,,,4 |°C,,,,,,,,,mixed acid,,,,,,,,,,sugars,
Proteiniphilum,"Shuangya Chen1,2 and Xiuzhu Dong2005_genus_Proteiniphilum.xml",,Proteiniphilum,,,46.6-48.9|mol%,rods,motile,,,,,,gram-negative,,non-spore-forming,Obligately|anaerobic,,,,,,,,,,20|°C,,45|°C,,,,,,,acetic acid # propionic acid,,,,,,Yeast extract # peptone,Gelatin # carbohydrates # alcohols,,nitrate,,
Proteiniphilum acetatigenes,"Shuangya Chen1,2 and Xiuzhu Dong2005_genus_Proteiniphilum_species_acetatigenes_strain_TB107.xml",,Proteiniphilum,acetatigenes,TB107,,,,,,1.9-2.2|μm,0.6-0.9|μm,,,,,,,,,,,,6.0,7.5-8.0,9.7,,37|°C,,,,circular# slightly convex,,,white# translucent,Acetic acid #  Propionic acid,NH3,,,,,yeast extract # peptone # pyruvate # glycine # L-arginine # tryptone # L-serine # L-threonine # L-alanine # starch # aesculin,L-histidine # L-leucine # L-lysine # L-methionine # L-phenylalanine # L-valine # L-glutamine # tryptophan # L-tyrosine # L-isoleucine # L-proline # L-aspartate # L-cysteine # L-arabinose # cellobiose # aesculin # D-fructose # D-galactose # D-glucose # glycogen # inulin # D-lactose # D-maltose # mannose # melibiose # raffinose # rhamnose # ribose # sucrose # salicin # sorbose # starch # trehalose # D-xylose # adonitol # amygdalin # dulcitol # erythritol # inositol # mannitol # sorbitol # ribitol # methanol # ethanol # 1-propanol # citrate # fumarate # malate # succinate # malonate # hippurate # sodium gluconate # butane diacid # β-hydroxybutyric acid # phenylacetic acid # cellulose # xylan # milk[milk is not curdled],,thiosulfate,,
Riernerella,"M. Vancanneyt, P. Vandamme, P. Segers,’ U. Torck, R. Coopman, K. Kersters and K.-H. Him1999_genus_Riernerella.xml",,Riemerella,,,29-37|mol%,rods,nonmotile,non-pigmented,,1-2.5|μm,0.2-0.5|μm,,gram-negative,,non-sporulating,microaerobically # aerobically variable # variable anaerobically,,,,,,,,,,,,,,,,,smooth,greyish-white to beige,acid,,,septicaemic disease,,variable|haemolysis,variable|aesculin ,D-glucose # D-mannose # maltose # D-gluconate # caprate # adipate # L-malate # citrate # phenyl acetate # D-mannitol # L-arabinose # N-acetylglucosamine # malonate,,nitrates,D-glucose # maltose # D-mannose # dextrin # D-fructose # L-sorbose # trehalose,"5-ketogluconate # galacturonate # D-arabitol # L-arabitol # cellobiose # rhamnose # inositol # sorbitol # palatinose # trehalose # saccharose # D-mannitol # L-arabinose # maltose # adonitol # phenol red # lactose, D-galactose, N-acetyl-D-glucosamine, lactulose, myo-inositol, D-sorbitol, D-xylose, dulcitol, salicin"
Riernerella columbina,"M. Vancanneyt, P. Vandamme, P. Segers,’ U. Torck, R. Coopman, K. Kersters and K.-H. Him1999_genus_Riernerella_species_columbina_strain_number_LMG 11607.xml",,Riemerella,columbina,LMG 11607,36|mol%,,,,,,,,,,,aerobically # microaerobically,,,,,,,,,,,24-37 °C,,,,,,,grey-white # beige,acid,,,respiratory,,,aesculin,,,,D-glucose # maltose # D-mannose # dextrin # variable|D-fructose # variable|L-sorbose,
Robiginitalea biformata,Jang-CheonsCho1sStephensJ.sGiovannoni12004_GENUS_Robiginitaleasunspecified_SPECIES_biformatasunspecified.xml,,Robiginitalea,biformata,HTCC2501,56.4±0.2|mol%,straight rods# coccoid,,"Maximum absorption, 457 nm [Maximum absorption spectral peak occurs at 457 nm.] ",0.6-1.2|μm,1.6-5.6|μm,0.3-0.7|μm,,,,not||poly-β-hydroxybutyrate granules#not||Endospores,,,,Moderately halophilic,0.25|%|salinity,,10|%|salinity,6.0,,9.0,10|°C#>4|°C,,44|°C#<48|°C,,,pulvinate#circular,,opaque,rusty-orange,,,,,,,,,,nitrate,,
Robiginitalea myxolifaciens,"Hao Do Manh†, Yoshihide Matsuo, Atsuko Katsuta, Satoru Matsuda, Yoshikazu Shizuri and Hiroaki Kasai2008_genus_Robiginitalea_species_myxolifaciens_strain_number_YM6-073.xml",,Robiginitalea,myxolifaciens,YM6-073,50.1|mol%,straight rods#coccoid,devoid|flagellar|motility # devoid|gliding motility,carotenoid pigments # not||flexirubin pigments,0.48-1.30|µm,0.9-3.5|μm,0.3-0.65|μm,,gram-negative,,,Obligatory|aerobic,,,requires NaCl,>0|%w/v|NaCl,3–4 |%w/v|NaCl,<7 |%w/v|NaCl,6.5,7.6–8.5,9.5,15.0|°C,30.0|°C,42.0|°C,Benzylpenicillin # rifampicin # erythromycin # tetracycline,nalidixic acid # kanamycin # gentamicin # cycloheximide,rhizoid#convex,,,deep orange,,,,,,,Glucose # galactose # maltose # sucrose # fructose # raffinose # sorbitol # trehalose # mannose # lactose # cellobiose # sorbose # melibiose # ornithine monohydrochloride # glycerol # Starch # aesculin,rhamnose # ethanol # lysine # serine # isoleucine # leucine # glycine # glutamate # sodium citrate # sodium lactate # sodium succinate # sodium pyruvate # sodium gluconate # itaconic acid # gelatin # DNA # carboxymethylcellulose # crystalline cellulose # urea # chitin # agar # casein # alginate,,nitrate,,
Robiginitalea,Jang-CheonsCho1sStephensJ.sGiovannoni12004_GENUS_Robiginitaleasunspecified.xml,,Robiginitalea,,,55-56|mol%,straight rods # coccoid cells,not|motility # not|gliding motility,carotenoid pigments # not||flexirubin pigments,,,,,gram-negative,,,Obligately|aerobic,,,requires NaCl,,,,,,,,,,,,,,,rust-coloured,,,,,,,Starch # aesculin,,,,,
Robiginitalea,"Hao Do Manh†, Yoshihide Matsuo, Atsuko Katsuta, Satoru Matsuda, Yoshikazu Shizuri and Hiroaki Kasai2008_genus_Robiginitalea.xml",,Robiginitalea,,,50-56|mol%,,,,,,,,,,,,,,,,,,,,,,,,,,,,,,,,,,,,,,,,,
Salegentibacter,"Jiao-Yan Ying,     Zhi-Pei Liu1,     Bao-Jun Wang1,     Xin Dai1,     Su-Sheng Yang2 and     Shuang-Jiang Liu2007_genus_Salegentibacter.xml",,Salegentibacter,,,36.8-44.4|mol%,rods,non-motile # motile by gliding,absent||Flexirubin-type pigments ,,,,chains#pairs#single cells,gram-negative,,not||spores#not||resting stages,strictly|aerobic,,,requires NaCl,0|%|NaCl,,20 |%|NaCl,,,,0 |°C,,42 |°C,,,,,,yellow-pigmented,,,,,,,,,,,,
Salinibacter,JosefasAntnsAharonsOrensSusanasBenllochsFranciscosRodrguez-ValerasRudolfsAmannsRamnsRossell-Mora2002_GENUS_Salinibactersunspecified.xml,,Salinibacter,,,66.5|mol%,Rod-shaped # curved,,,,,,,gram-negative,,,Aerobic,,,Extremely halophilic,>150|g/L|salt,,,,,,,,,,,,,,,,,,,,,,,,,,
Salinibacter ruber,JosefasAntnsAharonsOrensSusanasBenllochsFranciscosRodrguez-ValerasRudolfsAmannsRamnsRossell-Mora2002_GENUS_Salinibactersunspecified_SPECIES_rubersunspecified.xml,,Salinibacter,ruber,M31,66.5|mol%,straight rods#slightly curved rods,motile,"absorption maximum, 478 nm",,2-6|μm,0.4|μm,,,,,,,,Extremely halophilic,>150|g/L|salt,150-300|g/L|salt,,6.0,6.5-8.0,8.5,,37-47|°C,<52|°C,penicillin G # ampicillin # chloramphenicol # streptomycin # novobiocin # rifampicin # ciprofloxacin,streptomycin # kanamycin # bacitracin # tetracycline # colistin # anisomycin # aphidicolin,convex#circular,entire margin,,red,,,,,,,Starch # gelatin # variable|Tween 20,Tween 80,,nitrate,,sugars
Sejongia antarctica,"Hana Yi, Ho Il Yoon and Jongsik Chun2005_genus_Sejongia_species_antarctica_strain_number_AT1013.xml",,Sejongia,antarctica,AT1013,34|mol%,,,,,1.0-3.1|μm,0.4-0.5|μm,,,,,,,,,,,,,,,4|°C,18.9 |°C,28 |°C,,,,,,,acid,,,,,,casein # gelatin # l-tyrosine,agar # alginate # CM-cellulose # chitin # elastin # pectin,,,d-glucose # d-maltose # starch # glycogen,glycerol # erythritol # d-arabinose # l-arabinose # d-ribose # d-xylose # l-xylose # d-adonitol # methyl β-d-xylopyranoside # d-galactose # d-fructose # d-mannose # l-sorbose # l-rhamnose # dulcitol # inositol # d-mannitol # d-sorbitol # methyl α-d-mannopyranoside # methyl α-d-glucopyranoside # N-acetylglucosamine # amygdalin # arbutin # aesculin ferric citrate # salicin # d-cellobiose # d-lactose (bovine origin) # d-melibiose # d-sucrose # d-trehalose # inulin # d-melezitose # d-raffinose # xylitol # gentiobiose # d-turanose # d-lyxose # d-tagatose # d-fucose # l-fucose # d-arabitol # l-arabitol # potassium gluconate # potassium 2-ketogluconate # potassium 5-ketogluconate #  # d-raffinose # d-salicin
Sejongia jeonii,"Hana Yi, Ho Il Yoon and Jongsik Chun2005_genus_Sejongia_species_jeonii_strain_number_AT1047.xml",,Sejongia,jeonii,AT1047,36|mol%,,,,,1.0-3.1|μm,0.4-0.5|μm,,,,,,,,,,,,,,,4|°C,21.5 |°C,31 |°C,,,,,,,acid,,,,,,casein # elastin # gelatin,agar # alginate # CM-cellulose # chitin # l-tyrosine # pectin,,,d-glucose # d-mannose # d-maltose # starch # glycogen,glycerol # erythritol # d-arabinose # l-arabinose # d-ribose # d-xylose # l-xylose # d-adonitol # methyl β-d-xylopyranoside # d-galactose # d-fructose # l-sorbose # l-rhamnose # dulcitol # inositol # d-mannitol # d-sorbitol # methyl α-d-mannopyranoside # methyl α-d-glucopyranoside # N-acetylglucosamine # amygdalin # arbutin # aesculin ferric citrate # salicin # d-cellobiose # d-lactose (bovine origin) # d-melibiose # d-sucrose # d-trehalose # inulin # d-melezitose # d-raffinose # xylitol # gentiobiose # d-turanose # d-lyxose # d-tagatose # d-fucose # l-fucose # d-arabitol # l-arabitol # potassium gluconate # potassium 2-ketogluconate # potassium 5-ketogluconate
Sejongia,"Hana Yi, Ho Il Yoon and Jongsik Chun2005_genus_Sejongia.xml",,Sejongia,,,34-36|mol%,"rod-shaped, rounded ends[rod-shaped with rounded ends]",non-motile # do not glide,"absent||Flexirubin-type pigments #Maximum absorption, 452 nm",,,,,gram-negative,,not||spores,aerobic#weak microaerobic # weak anaerobic [Microaerobic growth is better than anaerobic growth.],,,,0|%|NaCl,0|%|NaCl,3|%|NaCl,6.0,7-8,11.0,,,,,,circular#convex,entire margins,becoming mucoid#butyrous#glistening#translucent,yellow,,,,,,,,,,,,
Snuella lapsa,Hana Yi1 and Jongsik Chun2010_genus_Snuella_species_lapsa_strain_number_JC2132.xml,,Snuella,lapsa,JC2132,35|mol%,"rod-shaped,rounded ends[rod-shaped with rounded ends]",Gliding,,,1.5-2.7|μm,0.6-0.7|μm,,,,,aerobic # microaerobic #not|anaerobic,,,requires sea salts,1|%|sea salts,3-4|%|sea salts,7|%|sea salts,6.0,7,9.0,10|°C,30|°C,40|°C,,,circular#convex,entire margins,glistening#translucent,yellow,acid,,,,,,aesculin # starch # Tween 20 # Tween 40 # Tween 60 # Tween 80 # L-tyrosine,agar # adenine # alginic acid # casein # cellulose # chitin # egg yolk # elastin # gelatin # pectin # hypoxanthine # xanthine # citrate ,nitrate,,D-arabinose # D-xylose # D-galactose # D-glucose # D-fructose # D-mannose # methyl α-D-mannopyranoside # methyl α-D-glucopyranoside # N-acetylglucosamine # amygdalin # arbutin # aesculin ferric citrate # salicin # cellobiose # maltose # lactose (bovine origin) # melibiose # sucrose # trehalose # raffinose # starch # gentiobiose # methyl β-D-xylopyranoside # glycogen # turanose,glucose # glycerol # erythritol # L-arabinose # D-ribose # L-xylose # D-adonitol # L-sorbose # L-rhamnose # dulcitol # inositol # D-mannitol # D-sorbitol # inulin # melezitose # xylitol # D-lyxose # D-tagatose # D-fucose # L-fucose # D-arabitol # L-arabitol # potassium gluconate # potassium 2-ketogluconate # potassium 5-ketogluconate
Snuella,Hana Yi1 and Jongsik Chun2010_genus_Snuella.xml,,Snuella,,,,"rod-shaped, rounded ends[rod-shaped with rounded ends]",gliding ability,"non-diffusible carotenoid # absent||flexirubin-type pigments#Maximum absorption, 452 nm ",,,,,gram-reaction-negative,,not||spores,aerobic,,,Requires sea salts,,,,,,,,,,,,,,,,,,,,,,,yeast extract,,,,
Stenothermobacter,"Stanley C. K. Lau1, Mandy M. Y. Tsoi1, Xiancui Li1, Ioulia Plakhotnikova1, Sergey Dobretsov1, Madeline Wu1, Po-Keung Wong2, Joseph R. Pawlik3 and Pei-Yuan Qian12006_genus_Stenothermobacter.xml",,Stenothermobacter,,,,rods# tapered ends,,,,>2.5|μm,,chains[chains up to 4 cells],gram-negative,,,Strictly|aerobic,,,,,,,,,,,,,,,,,,,,,,,,,,,,,,
Stenothermobacter spongiae,"Stanley C. K. Lau1, MaQian12006_genus_Stenothermobacter_species_spongiae.xml",,Stenothermobacter,spongiae,UST030701-156,41.0|mol%,,slowly motile by gliding,no||diffusible # not||Flexirubin-type,,,,,,,,,,,,2.0|%|NaCl,,6.0 |%|,6.0,,10.0,20.0|°C,28·0-30·0 |°C,36.0|°C,tetracycline # ampicillin # chloramphenicol # penicillin # streptomycin,kanamycin,circular# convex,entire,smooth,orange,acid,,,,,,gelatin # starch # Tween 20 # Tween 40 # Tween 80 # D-arabinose # D-galactose # D-glucose # glycerol # D-mannitol # D-melibiose # D-sorbitol # starch # D-sucrose # D-maltose # D-raffinose # sucrose # monomethyl succinate # acetic acid # α-ketoglutaric acid # α-ketovaleric acid # propionic acid # L-alaninamide # L-alanine # L-alanyl glycine # L-aspartic acid # L-glutamic acid # glycyl L-aspartic acid # glycyl L-glutamic acid # L-ornithine # L-proline,agar # casein # carboxylmethylcellulose # chitin # DNA,,nitrate,,D-arabinose # D-galactose # D-glucose # glycerol # D-mannitol # D-melibiose # D-sorbitol # starch # D-sucrose
Subsaxibacter broadyi,John P. Bowman and David S. Nichols2002_genus_Subsaxibacter_species_broadyi_strain_number_P7.xml,,Subsaxibacter,broadyi,P7,35|mol%,,,,,,,,,,,,,,Requires Na+ ions,0.1|M|NaCl,0.3–0.4|M|NaCl,1.25|M|NaCl,,,,−2 |°C,1–15 |°C,<25 |°C,,,small#convex#circular,entire edge#spreading,butyrous to viscid,,,,,,,,yeast extract # peptone # gelatin # Tween 80 # l-tyrosine # aesculin,casein # elastin # starch # DNA # urea,,sodium nitrate # ammonium chloride # nitrate,,"carbohydrates, Leifson's O-F medium[carbohydrates on Leifson's O-F medium]"
Subsaxibacter,John P. Bowman and David S. Nichols2002_genus_Subsaxibacter.xml,,Subsaxibacter,,,,coccobacilli,gliding motility,not||Flexirubin pigments,,0.4-1.0|μm,0.3-0.5|μm,,gram-negative,,not||resting cells#not||spores,Strictly|aerobic,,,,,,,,,,,,,,,,,,orange,,,,,,,,,,,,
Subsaximicrobium,John P. Bowman and David S. Nichols2002_genus_Subsaximicrobium.xml,,Subsaximicrobium,,,39-40|mol%,rod-shaped#spherical,gliding motility,not||Flexirubin pigments,,1-6|μm,0.3-0.5|μm,,gram-negative,,not||resting cells#not||spores,Strictly|aerobic,,,,,,,,,,,,,,,,,,orange# yellow,,,,,,,,,,,,
Subsaximicrobium saxinquilinus,John P. Bowman and David S. Nichols2002_genus_Subsaximicrobium_species_saxinquilinus_strain_number_Y4-5.xml,,Subsaximicrobium,saxinquilinus,Y4-5,39|mol%,,,,,,,,,,,,,not||vitamins,Requires Na+ ions,0.1|M|NaCl,0.3–0.4|M|NaCl,2.0|M|NaCl,,,,−2 |°C,1–20 |°C,<25|°C,,,convex#circular,entire edge#spreading margins,butyrous consistency,orange,,,,,,,d-glucose # glycogen # d-mannose # maltose # l-proline # gelatin # casein # Tween 80 # starch # aesculin # DNA,elastin # l-tyrosine # urea,sodium nitrate # ammonium chloride,nitrate,,"carbohydrates, Leifson's O-F medium[carbohydrates on Leifson's O-F medium]"
Subsaximicrobium wynnwilliamsii,John P. Bowman and David S. Nichols2002_genus_Subsaximicrobium_species_wynnwilliamsii_strain_number_G#7.xml,,Subsaximicrobium,wynnwilliamsii,G#7,40|mol%,,,,,,,,,,,,,not||vitamins,Requires Na+ ions,0.25|M|NaCl,0.3–0.4|M|NaCl,2.0|M|NaCl,,,,−2 |°C,1–20 |°C,25 |°C,,,convex#circular,entire edge#spreading margins,butyrous consistency,golden-yellow # bright-orange,,,,,,,d-glucose # glycogen # maltose # sucrose # l-proline # gelatin # Tween 80 # l-tyrosine # aesculin # starch # casein,DNA # urea,sodium nitrate # ammonium chloride,nitrate,,"carbohydrates, Leifson's O-F medium[carbohydrates on Leifson's O-F medium]"
Tenacibaculum aiptasiae,"Jih-Terng Wang1, Yi-Ju Chou2, Jui-Hsing Chou3, Chaolun Allen Chen4 and Wen-Ming Chen2008_genus_Tenacibaculum_species_aiptasiae_strain_number_a4.xml",,Tenacibaculum,aiptasiae,a4,35.0|mol%,straight rods#degenerative spherical cells,motile by gliding,"absent||Flexirubin-type pigments# Carotenoid#main absorption, 480, 454 and 425 nm",,2.0-7.0|μm,0.4-0.6|μm,,gram-negative,non-flagellated,non-spore-forming#Poly-β-hydroxybutyrate granules ,aerobic,,,,1|%|NaCl,3–4 |%|NaCl,10|%|NaCl,7.0,8,9.0,8|°C,30-35|°C,40|°C,ampicillin # chloramphenicol # nalidixic acid # novobiocin # penicillin G # rifampicin # tetracycline,gentamicin # kanamycin # streptomycin,convex#circular,spreading margins,,pale yellow,,Poly-β-hydroxybutyrate,,,,,Starch # DNA # casein # aesculin # gelatin # Tween 40 # Tween 60 # Tween 80,chitin # Tween 20 # glucose # arabinose # mannose # mannitol # N-acetylglucosamine # maltose # gluconate # caprate # adipate # malate # citrate # phenylacetate,,nitrate,,glucose
Vitellibacter aestuarii,"Bong-Soo Kim†, Ok-Sun Kim, Eun Young Moon and Jongsik Chun2009_genus_Vitellibacter_species_aestuarii_strain_number_JC2436.xml",,Vitellibacter,aestuarii,JC2436,48.7|mol%,,,,,8|μm,,,,,,,,,,2|%w/v|NaCl,2-3|%w/v|NaCl,6|%w/v|NaCl,,,,10|°C,30-35|°C,41|°C,carbenicillin # benzylpenicillin,ampicillin # gentamicin # kanamycin # lincomycin # neomycin # oleandomycin # polymyxin B # streptomycin # tetracycline,convex#circular,regular edges,,yellowish orange,,,,,,,gelatin # casein # elastin # DNA # Tween 20,Tween 40 # Tween 60 # Tween 80 # chitin # starch # CM-cellulose,,nitrate,,"carbohydrates, API 50 CHB kits[carbohydrates in API 50 CHB kits] "
Vitellibacter,"Bong-Soo Kim†, Ok-Sun Kim, Eun Young Moon and Jongsik Chun2009_genus_Vitellibacter.xml",,Vitellibacter,,,41-49|mol%,rods,not|gliding motility,non-diffusible yellow-orange flexirubin pigments,,,,,Gram-reaction-negative,not||flagellated ,not||endospores,strictly|aerobic,,,requires Na+,,,,,,,,,,,,,,,yellow-orange ,,,,,,,,,,,,
Winogradskyella lutea,"Byoung-Jun Yoon, Hoo-Dhon Byun, Ji-Young Kim, Dong-Heon Lee, Hyung-Yeel Kahng and Duck-Chul Oh2010_genus_Winogradskyella_species_lutea_strain_number_A73.xml",,Winogradskyella,lutea,A73,36.0|mol%,,Gliding motility,non-diffusible orange pigments,,2.0-3.5|μm,0.2-0.3|μm,,,Devoid||flagella,,,,,requires Sodium ions,1|%w/v|NaCl,,3|%w/v|NaCl,6.0,7.0-8.0,11.0,10.0|°C,30.0-35.0|°C,37.0|°C,ampicillin #  benzylpenicillin #  carbenicillin #  chloramphenicol #  oleandomycin #  tetracycline,gentamicin #  kanamycin #  neomycin #  polymyxin B #  streptomycin,circular/slightly irregular#convex,,,yellow#orange,acid,,,,,,Aesculin # Tween 80 # gelatin # starch # DNA # casein # CM-cellulose # d-glucose,d-mannose # d-mannitol # gluconate # adipic acid # malate # maltose # N-acetylglucosamine # capric acid # trisodium citrate # phenylacetic acid,,nitrate,d-glucose # citrate,l-arabinose # inositol # melibiose # l-rhamnose # d-sorbitol # sucrose # amygdalin
Winogradskyella,"Elena P. Ivanova1,2, Richard Christen3, Nataliya M. Gorshkova2, Natalia V. Zhukova4, Valeriya V. Kurilenko2, Russell J. Crawford1 and Valery V. Mikhailov2009_genus_Winogradskyella.xml",,Winogradskyella,,,,,,,,,,,,,,,,,requires NaCl variable,,,,,,,,,,,,,,,,,,,,,,,,variable|nitrate,,,
Xylanibacter,"Atsuko Ueki, Hiroshi Akasaka†, Daisuke Suzuki, Satoshi Hattori and Katsuji Ueki2006_genus_Xylanibacter.xml",,Xylanibacter,,,,short rods#filamentous rods,non-motile,,,,,,gram-negative,,non-spore-forming,strictly|anaerobic,,,,,,,,,,,30|°C,,,,,,,,acetate #  propionate #  succinate,,,,,,,,,nitrate,xylan,
Zeaxanthinibacter,"Dalal Asker, Teruhiko Beppu and Kenji Ueda2007_genus_Zeaxanthinibacter.xml",,Zeaxanthinibacter,,,46.5|mol%,rods,motile by gliding,Carotenoid pigments #not||flexirubin-type pigments,,,,,gram-negative,,non-spore-forming,strictly|aerobic,,,,,,,,,,,,,,,,,,,,,,,,,,,,,,
Zobellia,"Tristan Barbeyron,1 Ste!phane L’Haridon,2 Erwan Corre,2 Bernard Kloareg1 and Philippe Potin12001_genus_Zobellia.xml",,Zobellia,,,42-44|mol%,rods ,gliding|motility,flexirubin-type,,1.5-8.0|μm,0.2|μm,,gram-negative,no flagella,non-spore-forming,aerobic,,,,,,,,,,,,,,,,,,yellow or orange,acid,,,,,,agar # k-carrageenan # i-carrageenan,crystalline cellulose # amorphous cellulose,oxygen # nitrate,,carbohydrates,
Zobellia galactanovorans,"Tristan Barbeyron,1 Ste!phane L’Haridon,2 Erwan Corre,2 Bernard Kloareg1 and Philippe Potin12001_genus_Zobellia_species_galactanovorans_strain_number_Dsij.xml",,Zobellia,galactanovorans,Dsij,43|mol%,rods#rounded ends,non-motile liquid phase #  gliding|motility,,,3.0-8.0|μm,0.3-0.4|μm,,,,,,,,,,,,,,,,,,,,rapid spreading,,,yellow,acid,,,,,,agar # k-carrageenan # Gelatin # DNA # Starch # i-carrageenan # d-Glucose #  l-arabinose #  d-mannose # d-mannitol # l-rhamnose # l-fucose # maltose # N-acetylglucosamine # l-glycerol phosphate # l-serine # d-glycerol phosphate,d-lyxose # d-tagatose # α-ketobutyric acid # l-threonine # urocanic acid # gluconate # 2-keto-gluconate # caprate # adipate # malate # citrate # phenyl acetate,,,d-glucose # sucrose # maltose # rhamnose # d-fructose # d-galactose # d-mannitol # d-mannose # starch,d-sorbitol # glycerol